domain,domain_type,authority_tier,citations,unique_pages,prompts,answers,avg_rank,gpt,avg_rank_gpt,readable_pages_gpt,source_pawc_gpt,gem,avg_rank_gem,readable_pages_gem,source_pawc_gem,n
seabank.co.id,bank_official,High,38,13,14,25,6.131578947368421,23,5.478260869565218,10,0.1883542643157768,15,7.133333333333334,4,0.0,399
jago.com,bank_official,High,35,23,12,17,4.9714285714285715,27,4.7407407407407405,19,0.4578586423988107,8,5.75,5,0.0,399
ojk.go.id,regulator,High,29,23,8,13,5.275862068965517,23,5.434782608695652,18,0.4963855931960909,6,4.666666666666667,1,0.013768460193358709,399
bca.co.id,bank_official,High,23,16,11,15,4.869565217391305,16,4.4375,10,0.12955162681763868,7,5.857142857142857,3,0.04855830767270579,399
fazz.com,fintech_platform,Medium,20,6,15,15,6.45,0,,0,,20,6.45,6,0.6067824848491357,399
bankmandiri.co.id,bank_official,High,15,12,9,10,6.533333333333333,11,6.636363636363637,9,0.24717671013519385,4,6.25,3,0.026538661880735004,399
lps.go.id,regulator,High,15,6,6,9,3.6,10,3.7,2,0.047121587124175725,5,3.4,1,0.005707065645040846,399
akulaku.com,fintech_platform,Medium,14,1,14,14,5.5,0,,0,,14,5.5,1,0.26080493856531706,399
zaipad.com,blog_aggregator,Low,14,3,13,13,5.857142857142857,0,,0,,14,5.857142857142857,3,0.6293705835054755,399
bni.co.id,bank_official,High,13,11,6,7,7.0,11,7.363636363636363,8,0.03503426193285969,2,5.0,1,0.013352988964853374,399
bri.co.id,bank_official,High,13,11,6,7,3.8461538461538463,11,3.6363636363636362,8,0.28513196488259185,2,5.0,2,0.0021076642609958156,399
blubybcadigital.id,bank_official,High,8,4,6,6,7.0,8,7.0,4,0.17874893262731928,0,,0,,399
krom.id,bank_official,High,8,5,4,4,4.5,7,4.0,4,0.12726813288025332,1,8.0,1,0.0,399
kawula.id,blog_aggregator,Low,7,1,6,7,4.571428571428571,1,9.0,1,0.12371972985317357,6,3.8333333333333335,1,0.42033484020414297,399
keuangan.kontan.co.id,news_media,Medium,6,5,5,6,5.5,2,8.5,2,0.0,4,4.0,4,0.03953675332366667,399
finance.detik.com,news_media,Medium,5,1,5,5,5.2,0,,0,,5,5.2,1,0.01727280069784772,399
invesnesia.com,blog_aggregator,Low,5,2,5,5,7.8,2,8.5,1,0.0,3,7.333333333333333,1,0.0,399
lapssjk.id,regulator,High,5,4,1,2,5.0,4,5.5,2,0.009428043560181438,1,3.0,1,0.05587501905903008,399
bankneocommerce.co.id,bank_official,High,4,2,4,4,5.25,2,4.5,1,0.308039080225069,2,6.0,1,0.14079202124324047,399
hokibank.co.id,bank_official,High,4,1,4,4,5.0,0,,0,,4,5.0,1,0.43558667743962654,399
vida.id,fintech_platform,Medium,4,1,4,4,6.75,0,,0,,4,6.75,1,0.019437456681622306,399
banksaqu.co.id,bank_official,High,3,2,2,3,6.666666666666667,1,8.0,1,0.011621692695210115,2,6.0,0,,399
bi.go.id,regulator,High,3,3,2,3,5.333333333333333,2,6.0,1,0.0,1,4.0,0,,399
btn.co.id,bank_official,High,3,3,3,3,7.666666666666667,2,7.5,2,0.29920460967940266,1,8.0,1,0.0,399
cermati.com,fintech_platform,Medium,3,1,3,3,8.333333333333334,0,,0,,3,8.333333333333334,1,0.012837970403349188,399
cnbcindonesia.com,news_media,Medium,3,3,1,1,5.0,0,,0,,3,5.0,0,,399
digitalbank.id,blog_aggregator,Low,3,2,3,3,6.0,0,,0,,3,6.0,1,0.0,399
find.ojk.go.id,regulator,High,3,2,2,2,2.3333333333333335,3,2.3333333333333335,0,,0,,0,,399
idntimes.com,news_media,Medium,3,3,3,3,5.666666666666667,2,7.0,2,0.14510018648310877,1,3.0,1,0.0,399
infobankstore.com,news_media,Medium,3,1,3,3,6.0,0,,0,,3,6.0,1,0.1247998447483934,399
kontak157.ojk.go.id,regulator,High,3,1,2,3,1.6666666666666667,1,1.0,0,,2,2.0,0,,399
nexapp.co,blog_aggregator,Low,3,1,3,3,6.0,0,,0,,3,6.0,1,0.06704078156641875,399
nobugo.nobubank.com,bank_official,High,3,2,3,3,4.0,2,4.5,2,0.1551156900088263,1,3.0,1,0.0,399
pohonilmu.com,blog_aggregator,Low,3,1,3,3,4.666666666666667,0,,0,,3,4.666666666666667,0,,399
digitaltransformation.co.id,blog_aggregator,Low,2,1,2,2,5.0,0,,0,,2,5.0,1,0.0,399
dorangadget.com,blog_aggregator,Low,2,1,2,2,7.0,0,,0,,2,7.0,1,0.012975318493415709,399
iasc.ojk.go.id,regulator,High,2,1,2,2,7.0,2,7.0,1,0.020699701392026378,0,,0,,399
id.tradingview.com,news_media,Medium,2,2,2,2,3.0,0,,0,,2,3.0,2,0.28914613425548114,399
investor.id,news_media,Medium,2,2,2,2,3.5,0,,0,,2,3.5,0,,399
kitacoba.com,blog_aggregator,Low,2,1,2,2,7.5,2,7.5,1,0.022556390977443608,0,,0,,399
medianasabah.com,blog_aggregator,Low,2,2,1,2,3.0,1,1.0,1,0.04290042240920812,1,5.0,1,0.02125714108913294,399
peraturan.bpk.go.id,regulator,High,2,1,2,2,10.0,2,10.0,0,,0,,0,,399
pluang.com,fintech_platform,Medium,2,1,2,2,7.0,0,,0,,2,7.0,1,0.015445708452710847,399
reddit.com,forum_ugc,Low,2,2,2,2,10.0,2,10.0,0,,0,,0,,399
ruangkeuangan.id,blog_aggregator,Low,2,1,2,2,5.0,0,,0,,2,5.0,1,0.017081337926111953,399
tirto.id,news_media,Medium,2,1,2,2,7.5,0,,0,,2,7.5,1,0.0,399
alamisharia.co.id,fintech_platform,Medium,1,1,1,1,5.0,0,,0,,1,5.0,1,0.02020791637564224,399
allianz.co.id,other,Low,1,1,1,1,8.0,0,,0,,1,8.0,1,0.0,399
allobank.com,bank_official,High,1,1,1,1,1.0,1,1.0,1,0.0,0,,0,,399
amarbank.co.id,bank_official,High,1,1,1,1,6.0,0,,0,,1,6.0,1,0.0,399
appmanager.seabank.co.id,bank_official,High,1,1,1,1,8.0,1,8.0,1,0.01713586218610865,0,,0,,399
apps.lps.go.id,regulator,High,1,1,1,1,2.0,1,2.0,1,0.0,0,,0,,399
bankartos.co.id,blog_aggregator,Low,1,1,1,1,10.0,1,10.0,1,0.07987373686383138,0,,0,,399
bankmandiritaspen.co.id,bank_official,High,1,1,1,1,7.0,0,,0,,1,7.0,1,0.0,399
bankraya.co.id,bank_official,High,1,1,1,1,4.0,1,4.0,1,0.0,0,,0,,399
bcasekuritas.co.id,bank_official,High,1,1,1,1,2.0,0,,0,,1,2.0,1,0.0,399
bprartatama.com,bank_official,High,1,1,1,1,6.0,0,,0,,1,6.0,1,0.023837272482062744,399
bukarekening.bri.co.id,bank_official,High,1,1,1,1,1.0,0,,0,,1,1.0,0,,399
cimbniaga.co.id,bank_official,High,1,1,1,1,3.0,0,,0,,1,3.0,1,0.0,399
community.mekari.com,forum_ugc,Low,1,1,1,1,1.0,0,,0,,1,1.0,0,,399
data.ojk.go.id,regulator,High,1,1,1,1,4.0,1,4.0,0,,0,,0,,399
databoks.katadata.co.id,news_media,Medium,1,1,1,1,9.0,1,9.0,1,0.0,0,,0,,399
dbs.id,bank_official,High,1,1,1,1,6.0,1,6.0,1,0.0,0,,0,,399
duwitmu.com,blog_aggregator,Low,1,1,1,1,2.0,0,,0,,1,2.0,1,0.1513811371037843,399
finansial.bisnis.com,news_media,Medium,1,1,1,1,10.0,1,10.0,0,,0,,0,,399
finansial.kontan.co.id,news_media,Medium,1,1,1,1,2.0,0,,0,,1,2.0,0,,399
flip.id,fintech_platform,Medium,1,1,1,1,4.0,0,,0,,1,4.0,1,0.0,399
fliphtml5.com,other,Low,1,1,1,1,2.0,1,2.0,0,,0,,0,,399
halopacitan.com,news_media,Medium,1,1,1,1,2.0,0,,0,,1,2.0,1,0.046700021032751976,399
hukumonline.com,news_media,Medium,1,1,1,1,9.0,0,,0,,1,9.0,0,,399
id.headtopics.com,blog_aggregator,Low,1,1,1,1,6.0,0,,0,,1,6.0,1,0.0018667062452177767,399
id.unstore.io,blog_aggregator,Low,1,1,1,1,9.0,1,9.0,1,0.06098435708711714,0,,0,,399
idnfinancials.com,news_media,Medium,1,1,1,1,3.0,0,,0,,1,3.0,1,0.0,399
idnic.net,other,Low,1,1,1,1,1.0,0,,0,,1,1.0,1,0.012029961522880828,399
infobanknews.com,news_media,Medium,1,1,1,1,1.0,1,1.0,1,0.1652173136526806,0,,0,,399
investortrust.id,news_media,Medium,1,1,1,1,1.0,0,,0,,1,1.0,1,0.0,399
ir-bri.com,bank_official,High,1,1,1,1,9.0,1,9.0,0,,0,,0,,399
journalarta.com,blog_aggregator,Low,1,1,1,1,3.0,0,,0,,1,3.0,1,0.002040570062655093,399
jpnn.com,news_media,Medium,1,1,1,1,8.0,0,,0,,1,8.0,1,0.0,399
kompas.com,news_media,Medium,1,1,1,1,10.0,0,,0,,1,10.0,0,,399
lemon8-app.com,forum_ugc,Low,1,1,1,1,6.0,0,,0,,1,6.0,0,,399
maybank.co.id,bank_official,High,1,1,1,1,7.0,0,,0,,1,7.0,0,,399
mediaasuransinews.co.id,news_media,Medium,1,1,1,1,2.0,0,,0,,1,2.0,0,,399
metrotvnews.com,news_media,Medium,1,1,1,1,6.0,0,,0,,1,6.0,1,0.0,399
money.kompas.com,news_media,Medium,1,1,1,1,1.0,0,,0,,1,1.0,1,0.05589130294582509,399
nextindonesia.id,other,Low,1,1,1,1,10.0,1,10.0,1,0.3217354387116841,0,,0,,399
padangsambian.denpasarkota.go.id,other,Low,1,1,1,1,2.0,0,,0,,1,2.0,1,0.0,399
play.google.com,app_store,Low,1,1,1,1,10.0,1,10.0,1,0.0,0,,0,,399
shinhan.co.id,bank_official,High,1,1,1,1,7.0,0,,0,,1,7.0,0,,399
sikapiuangmu.ojk.go.id,regulator,High,1,1,1,1,3.0,1,3.0,0,,0,,0,,399
smbci.com,bank_official,High,1,1,1,1,9.0,0,,0,,1,9.0,1,0.0,399
suara.com,news_media,Medium,1,1,1,1,6.0,0,,0,,1,6.0,1,0.0,399
superbank.app.hellocode.co.id,bank_official,High,1,1,1,1,5.0,1,5.0,1,0.0,0,,0,,399
techfin.id,blog_aggregator,Low,1,1,1,1,5.0,0,,0,,1,5.0,1,0.05511533850407285,399
tuwaga.id,blog_aggregator,Low,1,1,1,1,6.0,1,6.0,1,0.04047344262500877,0,,0,,399
wondr.bni.co.id,bank_official,High,1,1,1,1,6.0,1,6.0,1,0.0,0,,0,,399
youtube.com,forum_ugc,Low,1,1,1,1,7.0,0,,0,,1,7.0,1,0.0,399
