brand,source_sov,source_sov_raw,source_count,n_pages,ai_mentions,ai_sov,sov_gap,n_pages_with_brands,n_readable_pages
Allo Bank,0.017608275890317427,0.010866997401370187,46,17,6,0.01405152224824356,-0.0035567536420738673,148,195
Amar Bank,0.008479698823480422,0.003071107961256792,13,4,2,0.00468384074941452,-0.003795858074065902,148,195
BCA,0.18609651387457857,0.19300732341129223,817,56,115,0.2693208430913349,0.08322432921675635,148,195
BNI,0.07598148724814593,0.04441294590125207,188,26,36,0.08430913348946135,0.00832764624131542,148,195
BRI,0.09614460421431997,0.08480982754547602,359,32,52,0.12177985948477751,0.02563525527045754,148,195
BSI,0.01656554525372469,0.01630049610205528,69,14,6,0.01405152224824356,-0.002514023005481132,148,195
BTN,0.023715172553380015,0.009213323883770375,39,13,1,0.00234192037470726,-0.021373252178672756,148,195
Bank Aladin Syariah,0.002305378468169166,0.0023623907394283014,10,3,1,0.00234192037470726,3.65419065380939e-05,148,195
Bank BTPN,0.020821828459148782,0.021970233876683204,93,20,12,0.02810304449648712,0.007281216037338337,148,195
Bank Jago,0.1362272192493842,0.0470115757146232,199,44,58,0.1358313817330211,-0.00039583751636310116,148,195
Bank Mandiri,0.11501259159442558,0.2986061894637373,1264,30,35,0.08196721311475409,-0.03304537847967148,148,195
Bank Neo Commerce,0.02990818507656832,0.020552799433026223,87,22,13,0.03044496487119438,0.000536779794626057,148,195
Bank Saqu,0.008331814365907842,0.003071107961256792,13,6,6,0.01405152224824356,0.005719707882335718,148,195
CIMB Niaga,0.01595812902668412,0.010394519253484526,44,11,2,0.00468384074941452,-0.011274288277269602,148,195
Danamon,0.005054065266179081,0.004961020552799433,21,9,2,0.00468384074941452,-0.0003702245167645614,148,195
Krom Bank,0.061431105685634174,0.12780533900307112,541,23,17,0.03981264637002342,-0.021618459315610752,148,195
Nobu Bank,0.010497104247104247,0.010158280179541696,43,2,4,0.00936768149882904,-0.0011294227482752071,148,195
SeaBank,0.1472430806858493,0.0760689818095913,322,49,53,0.12412177985948478,-0.023121300826364516,148,195
Superbank,0.0226182000169982,0.01535553980628396,65,20,6,0.01405152224824356,-0.00856667776875464,148,195
