brand,engine,n_answers,low_n,pawc,pawc_norm,authority,sentiment_norm,diversity,vis
BCA,All,22,False,0.06448437658700465,1.0,0.7972602739726028,0.9318181818181819,1.0,93.22696139476963
Bank Jago,All,22,False,0.056242796481413414,0.8721926063056313,0.8082191780821918,0.8863636363636364,1.0,89.16938551878648
BRI,All,12,False,0.05022042871004998,0.778799941444588,0.8075,0.9583333333333333,1.0,88.61583186944803
SeaBank,All,21,False,0.040307439808556444,0.6250729547516396,0.8076555023923445,0.9761904761904762,1.0,85.22297333336151
Bank Mandiri,All,11,False,0.03023799539886245,0.4689197135691349,0.7572727272727274,0.9545454545454546,1.0,79.51844738468293
BNI,All,8,False,0.027419078125004003,0.4252049810547396,0.8087500000000001,0.9375,1.0,79.28637452636849
Allo Bank,All,3,False,0.015503885442672477,0.24042855437633137,0.7799999999999997,1.0,1.0,75.51071385940827
Bank Neo Commerce,All,8,False,0.021616071975781817,0.33521409556649173,0.8063291139240507,0.8125,1.0,73.85108023726357
Krom Bank,All,10,False,0.016664424639188102,0.25842576948392854,0.784848484848485,0.9,1.0,73.58185635831033
Bank Saqu,All,3,False,0.004515724516371074,0.07002819528352415,0.7999999999999997,1.0,1.0,71.7507048820881
Nobu Bank,All,1,True,0.00671101963482023,0.10407202472936185,0.8200000000000001,1.0,0.5,60.601800618234044
Bank Aladin Syariah,All,1,True,0.0012154732508719262,0.01884911222227551,0.76,1.0,0.5,56.97122780555689
Amar Bank,All,1,True,0.0009645673975201523,0.01495815651127096,0.76,1.0,0.5,56.87395391278177
BSI,All,2,True,0.001673397280140747,0.025950429680946657,0.7449999999999999,1.0,0.5,56.77376074202366
CIMB Niaga,All,1,True,0.0021365454930586236,0.03313276185861732,0.67,1.0,0.5,55.07831904646543
Superbank,All,4,False,0.005569394142648882,0.08636811639381292,0.7299999999999999,0.875,0.5,54.78420290984531
Danamon,All,1,True,0.0011110443434269725,0.017229667126081483,0.67,1.0,0.5,54.680741678152046
Bank BTPN,All,5,False,0.00354418461270158,0.05496191171081011,0.7240000000000001,0.9,0.5,54.47404779277025
BTN,All,1,True,0.0018748628816614439,0.0290746841466601,0.67,0.5,0.5,42.47686710366651
