url,final_url,http_status,fetch_error,content_kind,is_readable,soft_404,title,n_words,n_pages,published_date,date_source,schema_types,has_article_schema,has_faq_schema,has_org_schema,crawled_at,body_source
https://akulaku.com/blog/perbandingan-bank-digital-terbaik-2026,https://www.akulaku.com/blog/perbandingan-bank-digital-terbaik-2026/,200.0,,html,True,False,"Bank Digital Terbaik 2026: Perbandingan NeoBank, Jago, SeaBank, Blu, Jenius",1771,,2026-07-22,jsonld,BlogPosting;ImageObject;Organization;Person;WebPage,True,False,True,2026-10-09T07:25:49+00:00,raw
https://alamisharia.co.id/blogs/tips/7-cara-aman-transaksi-online-menurut-ojk,https://alamisharia.co.id/blogs/tips/7-cara-aman-transaksi-online-menurut-ojk/,200.0,,html,True,False,» 7 Cara Aman Transaksi Online Menurut OJK,1210,,2021-08-06,htmldate,,False,False,False,2026-10-09T07:25:49+00:00,raw
https://allianz.co.id/explore/5-tips-aman-transaksi-digital-dan-lindungi-data-pribadi.html,https://www.allianz.co.id:443/explore/5-tips-aman-transaksi-digital-dan-lindungi-data-pribadi.html,200.0,,html,True,False,5 Tips Aman Transaksi Digital dan Lindungi Data Pribadi,573,,2024-12-30,jsonld,BreadcrumbList;ListItem;Organization;WebPage;WebSite,False,False,True,2026-10-09T07:25:49+00:00,raw
https://allobank.com/promo/suku-bunga-baru-allo-bank,https://allobank.com/promo/suku-bunga-baru-allo-bank,200.0,,html,True,False,"Allobank | All for One, One for All",167,,,,ContactPoint;Organization,False,False,True,2026-10-09T07:25:49+00:00,rendered
https://amarbank.co.id/blog/manfaat-digital-bank-untuk-pengelolaan-keuangan-pribadi-anda,https://amarbank.co.id/blog/manfaat-digital-bank-untuk-pengelolaan-keuangan-pribadi-anda,200.0,,html,True,False,Amar Bank - Layanan Perbankan Digital yang berizin dan diawasi OJK,514,,2024-09-18,htmldate,,False,False,False,2026-10-09T07:25:49+00:00,raw
https://appmanager.seabank.co.id/seamoney/bke/app-manager/live/front_low_code/20250930/444724648000084022.pdf,https://appmanager.seabank.co.id/seamoney/bke/app-manager/live/front_low_code/20250930/444724648000084022.pdf,200.0,,pdf,True,False,,631,3,,,,False,False,False,2026-10-09T07:25:49+00:00,raw
https://apps.lps.go.id/BankPesertaLPSRate,https://apps.lps.go.id/BankPesertaLPSRate,200.0,,html,True,False,Apps | Lembaga Penjamin Simpanan,102,,,,,False,False,False,2026-10-09T07:25:49+00:00,rendered
https://bankartos.co.id/perbankan-digital/280321336/review-7-bank-digital-indonesia-2026-dan-cara-memilih-yang-tepat,https://www.bankartos.co.id/perbankan-digital/280321336/review-7-bank-digital-indonesia-2026-dan-cara-memilih-yang-tepat/,200.0,,html,True,False,Review 7 Bank Digital Indonesia 2026 dan Cara Memilih yang Tepat,2633,,2026-03-01,jsonld,Article;EntryPoint;ImageObject;Organization;Person;PropertyValueSpecification;ReadAction;SearchAction;WebPage;WebSite,True,False,True,2026-10-09T07:25:49+00:00,raw
https://bankmandiri.co.id,https://www.bankmandiri.co.id/,200.0,,html,True,False,"Bank Mandiri - Terdepan, Terpercaya, Tumbuh Bersama Anda",195,,2026-10-08,htmldate,,False,False,False,2026-10-09T07:25:50+00:00,raw
https://bankmandiri.co.id/branch,https://www.bankmandiri.co.id/livin/,200.0,,html,True,False,Livin' by Mandiri - #BeyondSuperAPP,274,,,,,False,False,False,2026-10-09T07:25:53+00:00,raw
https://bankmandiri.co.id/documents/38265486/0/%5BFINAL%2B-%2B3103%5D%2BLAPORAN%2BTAHUNAN%2BBMRI%2B2025%2B-%2BSINGLE.pdf/5494448f-7b5d-7e1b-4f86-10fbd8479f2e,https://www.bankmandiri.co.id/documents/38265486/0/%5BFINAL%2B-%2B3103%5D%2BLAPORAN%2BTAHUNAN%2BBMRI%2B2025%2B-%2BSINGLE.pdf/5494448f-7b5d-7e1b-4f86-10fbd8479f2e,200.0,,pdf,True,False,,91726,1467,,,,False,False,False,2026-10-09T07:25:55+00:00,raw
https://bankmandiri.co.id/en/livin/edukasi/cara-transaksi-menggunakan-qr-terima-transfer-di-livin-by-mandiri,https://www.bankmandiri.co.id/en/livin/edukasi/cara-transaksi-menggunakan-qr-terima-transfer-di-livin-by-mandiri,200.0,,html,True,False,Cara Transaksi Menggunakan QR Terima Transfer di Livin' by Mandiri,889,,,,,False,False,False,2026-10-09T07:25:58+00:00,raw
https://bankmandiri.co.id/en/livin/edukasi/limit-transfer-livin,https://www.bankmandiri.co.id/en/livin/edukasi/limit-transfer-livin,200.0,,html,True,False,Limit Transfer Mandiri di Livin' by Mandiri,162,,,,,False,False,False,2026-10-09T07:26:00+00:00,raw
https://bankmandiri.co.id/gempita-2026,https://www.bankmandiri.co.id/en/gempita-2026,200.0,,html,True,False,GEMPITA 2026,614,,,,,False,False,False,2026-10-09T07:26:01+00:00,raw
https://bankmandiri.co.id/hati-hati-modus-phishing-berkedok-qris-cara-mencegah-penipuan-digital,https://www.bankmandiri.co.id/en/hati-hati-modus-phishing-berkedok-qris-cara-mencegah-penipuan-digital,200.0,,html,True,False,Hati-Hati Modus Phishing Berkedok QRIS: Cara Mencegah Penipuan Digital,469,,2025-09-08,htmldate,,False,False,False,2026-10-09T07:26:03+00:00,raw
https://bankmandiri.co.id/in/web/ir/annual-reports,https://www.bankmandiri.co.id/in/web/ir/annual-reports,200.0,,html,True,False,Annual Report & Sustainability Report - IR,173,,,,,False,False,False,2026-10-09T07:26:05+00:00,raw
https://bankmandiri.co.id/layanan-pengaduan-nasabah,https://www.bankmandiri.co.id/livin/,200.0,,html,True,False,Livin' by Mandiri - #BeyondSuperAPP,274,,,,,False,False,False,2026-10-09T07:26:06+00:00,raw
https://bankmandiri.co.id/livin,https://www.bankmandiri.co.id/livin,200.0,,html,True,False,Livin' by Mandiri - #BeyondSuperAPP,274,,,,,False,False,False,2026-10-09T07:26:08+00:00,raw
https://bankmandiri.co.id/livin/edukasi/transfer,https://www.bankmandiri.co.id/livin/edukasi/transfer,200.0,,html,True,False,Cara Transfer di Livin' by Mandiri ke Sesama dan Bank Lain,254,,,,,False,False,False,2026-10-09T07:26:09+00:00,raw
https://bankmandiri.co.id/web/guest/digital-banking,https://www.bankmandiri.co.id/web/guest/digital-banking,200.0,,html,True,False,Layanan E-Channel / E-Banking,57,,,,,False,False,False,2026-10-09T07:26:11+00:00,raw
https://bankmandiritaspen.co.id/info/id-hari-lansia-nasional-bank-mandiri-taspen-dorong-lansia-tetap-sehat-produktif448/id,https://www.bankmandiritaspen.co.id/info/id-hari-lansia-nasional-bank-mandiri-taspen-dorong-lansia-tetap-sehat-produktif448/id,200.0,,html,True,False,Bank Mandiri Taspen,589,,,,,False,False,False,2026-10-09T07:25:50+00:00,raw
https://bankneocommerce.co.id/id/home,https://www.bankneocommerce.co.id/id/home,200.0,,html,True,False,neobank | Bank Layanan Digital Terbaik,1016,,,,,False,False,False,2026-10-09T07:25:50+00:00,raw
https://bankneocommerce.co.id/id/personal/savings/neo-now,https://www.bankneocommerce.co.id/id/personal/savings/neo-now,200.0,,html,True,False,Tabungan NOW | neobank,986,,,,,False,False,False,2026-10-09T07:25:54+00:00,raw
https://bankraya.co.id,https://bankraya.co.id/,200.0,,html,True,False,Bank Raya — Bank Raya,275,,2026-01-30,htmldate,,False,False,False,2026-10-09T07:25:51+00:00,raw
https://banksaqu.co.id,https://banksaqu.co.id/,200.0,,html,True,False,Layanan Perbankan Digital | Bank Saqu,180,,2023-05-30,htmldate,EntryPoint;Organization;SearchAction;WebSite,False,False,True,2026-10-09T07:25:52+00:00,raw
https://banksaqu.co.id/support/742/apakah-internet-banking-aman-digunakan,https://banksaqu.co.id/support/742/apakah-internet-banking-aman-digunakan,200.0,,html,False,False,Apakah Internet Banking aman digunakan | Bank Saqu,25,,2025-05-26,htmldate,Answer;BreadcrumbList;EntryPoint;FAQPage;ListItem;Organization;Question;SearchAction;WebSite,False,True,True,2026-10-09T07:25:53+00:00,rendered
https://bca.co.id,https://www.bca.co.id/,403.0,,html,False,False,,0,,,,,False,False,False,2026-10-09T07:25:52+00:00,
https://bca.co.id/id/Individu/layanan/Customer-Service/HaloBCA,https://www.bca.co.id/id/Individu/layanan/Customer-Service/HaloBCA,403.0,,html,False,False,,0,,,,,False,False,False,2026-10-09T07:25:53+00:00,
https://bca.co.id/id/Individu/layanan/e-banking/BCA-Mobile,https://www.bca.co.id/id/Individu/layanan/e-banking/BCA-Mobile,403.0,,html,False,False,,0,,,,,False,False,False,2026-10-09T07:25:55+00:00,
https://bca.co.id/id/Individu/layanan/e-banking/BCA-Mobile/Perbedaan-BCA-Mobile-dan-myBCA,https://www.bca.co.id/id/Individu/layanan/e-banking/BCA-Mobile/Perbedaan-BCA-Mobile-dan-myBCA,403.0,,html,False,False,,0,,,,,False,False,False,2026-10-09T07:25:56+00:00,
https://bca.co.id/id/Individu/layanan/e-banking/myBCA,https://www.bca.co.id/id/Individu/layanan/e-banking/myBCA,403.0,,html,False,False,,0,,,,,False,False,False,2026-10-09T07:25:58+00:00,
https://bca.co.id/id/Individu/layanan/e-banking/mybca/poket-valas,https://www.bca.co.id/id/Individu/layanan/e-banking/mybca/poket-valas,403.0,,html,False,False,,0,,,,,False,False,False,2026-10-09T07:25:59+00:00,
https://bca.co.id/id/individu/layanan/jaringan-cabang/kantor-cabang-bca,https://www.bca.co.id/id/individu/layanan/jaringan-cabang/kantor-cabang-bca,403.0,,html,False,False,,0,,,,,False,False,False,2026-10-09T07:26:01+00:00,
https://bca.co.id/id/individu/produk/simpanan/tahapan-xpresi,https://www.bca.co.id/id/individu/produk/simpanan/tahapan-xpresi,403.0,,html,False,False,,0,,,,,False,False,False,2026-10-09T07:26:02+00:00,
https://bca.co.id/id/informasi/Edukatips/2021/12/23/09/28/transfer-antarbank-kini-hanya-rp2500-via-bi-fast,https://www.bca.co.id/id/informasi/Edukatips/2021/12/23/09/28/transfer-antarbank-kini-hanya-rp2500-via-bi-fast,403.0,,html,False,False,,0,,,,,False,False,False,2026-10-09T07:26:04+00:00,
https://bca.co.id/id/informasi/awas-modus/2025/02/12/10/09/cara-melindungi-data-pribadi-perbankan-agar-tidak-disalahgunakan,https://www.bca.co.id/id/informasi/awas-modus/2025/02/12/10/09/cara-melindungi-data-pribadi-perbankan-agar-tidak-disalahgunakan,403.0,,html,False,False,,0,,,,,False,False,False,2026-10-09T07:26:05+00:00,
https://bca.co.id/id/informasi/senasib/2026/01/15/09/20/tata-cara-pengaduan-nasabah,https://www.bca.co.id/id/informasi/senasib/2026/01/15/09/20/tata-cara-pengaduan-nasabah,403.0,,html,False,False,,0,,,,,False,False,False,2026-10-09T07:26:06+00:00,
https://bca.co.id/id/tentang-bca/Hubungan-Investor/laporan-presentasi/Laporan-Tahunan,https://www.bca.co.id/id/tentang-bca/Hubungan-Investor/laporan-presentasi/Laporan-Tahunan,403.0,,html,False,False,,0,,,,,False,False,False,2026-10-09T07:26:08+00:00,
https://bca.co.id/id/tentang-bca/media-riset/pressroom/siaran-pers/2025/09/08/06/35/rayakan-hari-pelanggan-nasional-2025-bca-tegaskan-komitmen-dampingi-nasabah-di-setiap-langkah,https://www.bca.co.id/id/tentang-bca/media-riset/pressroom/siaran-pers/2025/09/08/06/35/rayakan-hari-pelanggan-nasional-2025-bca-tegaskan-komitmen-dampingi-nasabah-di-setiap-langkah,403.0,,html,False,False,,0,,,,,False,False,False,2026-10-09T07:26:09+00:00,
https://bca.co.id/id/tentang-bca/media-riset/pressroom/siaran-pers/2026/02/13/08/28/bca-lanjutkan-ekspansi-kantor-cabang-di-era-digital-bidik-wilayah-indonesia-timur,https://www.bca.co.id/id/tentang-bca/media-riset/pressroom/siaran-pers/2026/02/13/08/28/bca-lanjutkan-ekspansi-kantor-cabang-di-era-digital-bidik-wilayah-indonesia-timur,403.0,,html,False,False,,0,,,,,False,False,False,2026-10-09T07:26:11+00:00,
https://bca.co.id/id/tentang-bca/media-riset/pressroom/siaran-pers/2026/05/11/03/29/kembali-masuk-jajaran-worlds-best-bank-bca-jaga-konsistensi,https://www.bca.co.id/id/tentang-bca/media-riset/pressroom/siaran-pers/2026/05/11/03/29/kembali-masuk-jajaran-worlds-best-bank-bca-jaga-konsistensi,403.0,,html,False,False,,0,,,,,False,False,False,2026-10-09T07:26:12+00:00,
https://bca.co.id/id/tentang-bca/sustainability/social/customer-relations/customer-relations-management,https://www.bca.co.id/id/tentang-bca/sustainability/social/customer-relations/customer-relations-management,403.0,,html,False,False,,0,,,,,False,False,False,2026-10-09T07:26:14+00:00,
https://bcasekuritas.co.id/latest-news/news/bank-mandiri-raih-penghargaan-indonesia-customer-experience-of-the-year,https://bcasekuritas.co.id/latest-news/news/bank-mandiri-raih-penghargaan-indonesia-customer-experience-of-the-year,200.0,,html,True,False,BCA Sekuritas | BCA Sekuritas,510,,2025-10-05,htmldate,,False,False,False,2026-10-09T07:25:52+00:00,raw
https://bi.go.id/id/edukasi/Pages/Waspada-Fraud-dalam-Transaksi-SP.aspx,,,robots_unreachable,,False,False,,0,,,,,False,False,False,2026-10-09T07:25:53+00:00,
https://bi.go.id/id/fungsi-utama/sistem-pembayaran/perlindungan-konsumen/default.aspx,,,robots_unreachable,,False,False,,0,,,,,False,False,False,2026-10-09T07:26:04+00:00,
https://bi.go.id/id/layanan-konsumen/default.aspx,,,robots_unreachable,,False,False,,0,,,,,False,False,False,2026-10-09T07:26:05+00:00,
https://blubybcadigital.id,https://blubybcadigital.id/,200.0,,html,True,False,blu | Mulai Langkahmu,77,,2023-08-29,htmldate,,False,False,False,2026-10-09T07:25:53+00:00,raw
https://blubybcadigital.id/fitur/akun/bluaccount,https://blubybcadigital.id/fitur/akun/bluaccount,200.0,,html,True,False,Fitur | Rekening Tabungan Online Tanpa Biaya Admin - bluAccount,276,,2023-02-12,htmldate,,False,False,False,2026-10-09T07:25:55+00:00,raw
https://blubybcadigital.id/info/faq/blu-loyalty,https://blubybcadigital.id/info/faq/blu-loyalty,200.0,,html,True,False,blu | FAQ & Pusat Bantuan,742,,2023-10-25,htmldate,,False,False,False,2026-10-09T07:25:56+00:00,raw
https://blubybcadigital.id/info/fees-rates,https://blubybcadigital.id/info/fees-rates,200.0,,html,True,False,blu | Info Fees & Rates,4707,,2023-10-25,htmldate,,False,False,False,2026-10-09T07:25:58+00:00,raw
https://bni.co.id,https://bni.co.id/id-id/,200.0,,html,True,False,Beranda | BNI,509,,,,,False,False,False,2026-10-09T07:25:54+00:00,raw
https://bni.co.id/Portals/1/BNI/Perusahaan/HubunganInvestor/Docs/AR-BNI-2025-ID.pdf,,,robots_disallowed,,False,False,,0,,,,,False,False,False,2026-10-09T07:25:55+00:00,
https://bni.co.id/Portals/1/BNI/Perusahaan/HubunganInvestor/Docs/BNI-AR-2025-IND.pdf,,,robots_disallowed,,False,False,,0,,,,,False,False,False,2026-10-09T07:25:56+00:00,
https://bni.co.id/id-id,https://bni.co.id/id-id/,200.0,,html,True,False,Beranda | BNI,509,,,,,False,False,False,2026-10-09T07:25:57+00:00,raw
https://bni.co.id/id-id/bantuan-dukungan/pencari-lokasi/cabang-yang-beroperasi,https://bni.co.id/id-id/bantuan-dukungan/pencari-lokasi/cabang-yang-beroperasi,200.0,,html,True,False,Cabang yang Beroperasi | BNI,459,,,,,False,False,False,2026-10-09T07:26:01+00:00,raw
https://bni.co.id/id-id/beranda/tingkat-bunga-pinjaman,https://bni.co.id/id-id/beranda/tingkat-bunga-pinjaman,200.0,,html,True,False,Tingkat Bunga Pinjaman | BNI,80,,,,,False,False,False,2026-10-09T07:26:03+00:00,raw
https://bni.co.id/id-id/individu/simpanan/bni-taplus,https://bni.co.id/id-id/individu/simpanan/bni-taplus,200.0,,html,True,False,BNI Taplus | BNI,504,,,,,False,False,False,2026-10-09T07:26:05+00:00,raw
https://bni.co.id/id-id/individu/simpanan/bni-taplus-muda,https://bni.co.id/id-id/individu/simpanan/bni-taplus-muda,200.0,,html,True,False,BNI Taplus Muda | BNI,372,,,,,False,False,False,2026-10-09T07:26:07+00:00,raw
https://bni.co.id/id-id/individu/simpanan/wondr-multicurrency,https://bni.co.id/id-id/individu/simpanan/wondr-multicurrency,200.0,,html,True,False,wondr multicurrency | BNI,938,,,,,False,False,False,2026-10-09T07:26:08+00:00,raw
https://bni.co.id/id-id/individu/simpanan/wondrz,https://bni.co.id/id-id/individu/simpanan/wondrz,200.0,,html,True,False,wondrZ | BNI,238,,,,,False,False,False,2026-10-09T07:26:10+00:00,raw
https://bni.co.id/id-id/layanan/pengaduan-nasabah,https://bni.co.id/id-id/404-error-page,200.0,,html,False,True,404 Error Page,52,,,,,False,False,False,2026-10-09T07:26:11+00:00,raw
https://bprartatama.com/5-tips-aman-transaksi-digital,https://bprartatama.com/5-tips-aman-transaksi-digital/,200.0,,html,True,False,5 Tips Aman Transaksi Digital - PT.BPR Artatama Sejahtera,364,,2025-03-05,jsonld,BreadcrumbList;EntryPoint;ImageObject;ListItem;Organization;PropertyValueSpecification;ReadAction;SearchAction;WebPage;WebSite,False,False,True,2026-10-09T07:25:54+00:00,raw
https://bri.co.id,https://bri.co.id/web/guest,307.0,,html,False,False,,0,,,,,False,False,False,2026-10-09T07:25:55+00:00,
https://bri.co.id/britama,https://bri.co.id/web/guest/404,200.0,,html,True,False,Bank BRI | Melayani Dengan Setulus Hati,350,,2024-09-12,htmldate,,False,False,False,2026-10-09T07:25:58+00:00,raw
https://bri.co.id/pengaduan-nasabah,https://bri.co.id/web/guest/404,200.0,,html,True,False,Bank BRI | Melayani Dengan Setulus Hati,350,,2024-09-12,htmldate,,False,False,False,2026-10-09T07:26:00+00:00,raw
https://bri.co.id/web/guest/id/brimo,https://bri.co.id/web/guest/id/brimo,200.0,,html,True,False,Digital Banking E-Channel BRImo - Bank BRI | Melayani Dengan Setulus Hati,367,,2024-09-12,htmldate,,False,False,False,2026-10-09T07:26:02+00:00,raw
https://bri.co.id/web/guest/id/fees-and-rates,https://bri.co.id/web/guest/id/fees-and-rates,200.0,,html,True,False,Fees and Rates - Bank BRI | Melayani Dengan Setulus Hati,3005,,2024-09-12,htmldate,,False,False,False,2026-10-09T07:26:03+00:00,raw
https://bri.co.id/web/guest/id/promo-news-detail/1285,https://bri.co.id/web/guest/id/promo-news-detail/1285,200.0,,html,True,False,"130 Tahun Melayani, BRI Hadirkan Layanan hingga Pelosok Negeri Melalui 7.405 Kantor dan 1,2 Juta AgenBRILink - Bank BRI | Melayani Dengan Setulus Hati",357,,2024-09-12,htmldate,,False,False,False,2026-10-09T07:26:04+00:00,raw
https://bri.co.id/web/guest/promo-news-detail/2020,https://bri.co.id/web/guest/promo-news-detail/2020,200.0,,html,True,False,"81 Tahun Indonesia Merdeka, Danantara dan BRI Menjangkau Pelosok Negeri dari Perbatasan Terdepan hingga Pulau Terluar - Bank BRI | Melayani Dengan Setulus Hati",638,,2024-09-12,htmldate,,False,False,False,2026-10-09T07:26:06+00:00,raw
https://bri.co.id/web/guest/promo-news-detail/2021,https://bri.co.id/web/guest/promo-news-detail/2021,200.0,,html,True,False,"81 Tahun Indonesia Merdeka, Ini 8 Kontribusi Nyata BRI untuk Negeri - Bank BRI | Melayani Dengan Setulus Hati",1228,,2024-09-12,htmldate,,False,False,False,2026-10-09T07:26:07+00:00,raw
https://bri.co.id/web/guest/report,https://bri.co.id/web/guest/report,200.0,,html,True,False,Investor Laporan - Bank BRI | Melayani Dengan Setulus Hati,51,,2024-09-12,htmldate,,False,False,False,2026-10-09T07:26:08+00:00,raw
https://bri.co.id/web/guest/report-detail-annually?typeId=1,https://bri.co.id/web/guest/report-detail-annually?typeId=1,200.0,,html,True,False,Investor Laporan Detail Laporan Tahunan - Bank BRI | Melayani Dengan Setulus Hati,91,,2024-09-12,htmldate,,False,False,False,2026-10-09T07:26:09+00:00,raw
https://bri.co.id/web/guest/sabrina,https://bri.co.id/web/guest/sabrina,200.0,,html,True,False,sabrina - Bank BRI | Melayani Dengan Setulus Hati,68,,2024-09-12,htmldate,,False,False,False,2026-10-09T07:26:10+00:00,raw
https://btn.co.id/id/About/Gallery/Article/Article/Listing/2026/09/11/lps-adalah,https://www.btn.co.id/id/About/Gallery/Article/Article/Listing/2026/09/11/lps-adalah,200.0,,html,True,False,"Apa Itu LPS? Fungsi, Cara Kerja & Batas Jaminan Simpanan | PT Bank Tabungan Negara (Persero) Tbk",1787,,2026-09-11,htmldate,,False,False,False,2026-10-09T07:25:56+00:00,raw
https://btn.co.id/id/Individual/Produk-Dana/Tabungan-Anak/Tabungan-BTN-Juara,https://www.btn.co.id/id/Individual/Produk-Dana/Tabungan-Anak/Tabungan-BTN-Juara,200.0,,html,True,False,Tabungan BTN Juara untuk Generasi Muda | PT Bank Tabungan Negara (Persero) Tbk,415,,2026-10-05,htmldate,,False,False,False,2026-10-09T07:26:00+00:00,raw
https://btn.co.id/id/laps-sjk,https://www.btn.co.id/id/laps-sjk,200.0,,html,True,False,LAPS SJK | PT Bank Tabungan Negara (Persero) Tbk,279,,,,,False,False,False,2026-10-09T07:26:02+00:00,raw
https://bukarekening.bri.co.id,,,robots_unreachable,,False,False,,0,,,,,False,False,False,2026-10-09T07:25:59+00:00,
https://cermati.com/artikel/tabungan-pilihan-tanpa-biaya-administrasi-bulanan,https://www.cermati.com:443/artikel/tabungan-pilihan-tanpa-biaya-administrasi-bulanan,200.0,,html,True,False,9 Tabungan Pilihan Tanpa Biaya Administrasi Bulanan - Cermati.com,949,,2025-08-15,htmldate,ContactPoint;Organization;SearchAction;WebSite,False,False,True,2026-10-09T07:26:00+00:00,raw
https://cimbniaga.co.id/id/inspirasi/perencanaan/customer-service,https://www.cimbniaga.co.id/id/inspirasi/perencanaan/customer-service,200.0,,html,True,False,Customer Service: Tugas dan Skill yang Harus Dikuasai,464,,,,Organization,False,False,True,2026-10-09T07:26:01+00:00,raw
https://cnbcindonesia.com/research/20260520105714-128-736266/daftar-bunga-deposito-terbaru-bank-digital-per-21-mei-2026-allo-jago,https://cnbcindonesia.com/research/20260520105714-128-736266/daftar-bunga-deposito-terbaru-bank-digital-per-21-mei-2026-allo-jago,403.0,,html,False,False,,0,,,,,False,False,False,2026-10-09T07:26:02+00:00,
https://cnbcindonesia.com/research/20260707174112-128-748911/daftar-terbaru-bunga-deposito-bank-digital-per-8-juli-2026,https://cnbcindonesia.com/research/20260707174112-128-748911/daftar-terbaru-bunga-deposito-bank-digital-per-8-juli-2026,403.0,,html,False,False,,0,,,,,False,False,False,2026-10-09T07:26:02+00:00,
https://cnbcindonesia.com/research/20260826164925-128-762481/daftar-terbaru-bunga-deposito-bank-digital-per-27-agustus-2026-ada-8,https://cnbcindonesia.com/research/20260826164925-128-762481/daftar-terbaru-bunga-deposito-bank-digital-per-27-agustus-2026-ada-8,403.0,,html,False,False,,0,,,,,False,False,False,2026-10-09T07:26:03+00:00,
https://community.mekari.com/forums/topic/persaingan-seru-bank-bca-vs-bank-mandiri,https://community.mekari.com/forums/topic/persaingan-seru-bank-bca-vs-bank-mandiri,403.0,,html,False,False,,0,,,,,False,False,False,2026-10-09T07:26:04+00:00,
https://data.ojk.go.id/SJKPublic/Website/Public,https://data.ojk.go.id/SJKPublic/Website/Public,200.0,,html,False,False,OJK - Portal Data,31,,,,,False,False,False,2026-10-09T07:26:04+00:00,raw
https://databoks.katadata.co.id/keuangan/statistik/69a091c2d6907/top-5-bank-ri-dengan-aset-terjumbo-pada-2025-mandiri-teratas,https://databoks.katadata.co.id/keuangan/statistik/69a091c2d6907/top-5-bank-ri-dengan-aset-terjumbo-pada-2025-mandiri-teratas,200.0,,html,True,False,"Top 5 Bank RI dengan Aset Terjumbo pada 2025, Mandiri Teratas",331,,2026-02-27,jsonld,ContactPoint;ImageObject;NewsArticle;NewsMediaOrganization;Organization;Person;SearchAction;WebPage;WebPageElement;WebSite,True,False,True,2026-10-09T07:26:04+00:00,raw
https://dbs.id/digibank/id/id/syarat-dan-ketentuan.page,https://www.dbs.id/digibank/id/id/syarat-dan-ketentuan.page,200.0,,html,True,False,Syarat dan Ketentuan | DBS Bank Indonesia,1497,,2026-07-09,htmldate,,False,False,False,2026-10-09T07:26:05+00:00,raw
https://digitalbank.id/baca/dbs-indonesia-perkuat-kualitas-hidup-lansia-lewat-program-people-of-purpose,https://digitalbank.id/baca/dbs-indonesia-perkuat-kualitas-hidup-lansia-lewat-program-people-of-purpose,200.0,,html,True,False,DBS Indonesia Perkuat Kualitas Hidup Lansia Lewat Program “People of Purpose” — digitalbank.id,1005,,2026-07-03,jsonld,BreadcrumbList;EntryPoint;ImageObject;ListItem;NewsArticle;NewsMediaOrganization;Person;SearchAction;WebPage;WebSite,True,False,False,2026-10-09T07:26:06+00:00,raw
https://digitalbank.id/tag/customer-service-bank-terbaik,https://digitalbank.id/tag/customer-service-bank-terbaik,200.0,,html,False,False,#customer service bank terbaik — digitalbank.id,40,,2025-11-12,htmldate,EntryPoint;ImageObject;NewsMediaOrganization;SearchAction;WebSite,False,False,False,2026-10-09T07:26:08+00:00,rendered
https://digitaltransformation.co.id/daftar-bank-digital-indonesia,https://digitaltransformation.co.id/daftar-bank-digital-indonesia/,200.0,,html,True,False,10 Daftar Bank Digital Indonesia yang Dapat Anda Gunakan – DTI,857,,2023-03-31,htmldate,,False,False,False,2026-10-09T07:26:06+00:00,raw
https://dorangadget.com/beda-mybca-dan-bca-mobile,https://dorangadget.com/beda-mybca-dan-bca-mobile/,200.0,,html,True,False,"Sering Dianggap Sama, Ini Beda myBCA dan BCA Mobile",513,,2025-12-23,jsonld,Article;BreadcrumbList;EntryPoint;ImageObject;ListItem;MerchantReturnPolicy;Organization;Person;PropertyValueSpecification;ReadAction;SearchAction;WebPage;WebSite,True,False,True,2026-10-09T07:26:07+00:00,raw
https://duwitmu.com/tabungan/mybca-vs-livin-by-mandiri,https://duwitmu.com/tabungan/mybca-vs-livin-by-mandiri,200.0,,html,True,False,"myBCA vs Livin by Mandiri, Aplikasi Mobile Banking Terbaik",1655,,2023-07-08,jsonld,Article;BlogPosting;BreadcrumbList;ImageObject;ListItem;Organization;Person;SearchAction;SiteNavigationElement;WebPage;WebSite,True,False,True,2026-10-09T07:26:08+00:00,raw
https://fazz.com/id/newsroom/fazza/bank-digital-tanpa-biaya-admin,https://fazz.com/id/newsroom/fazza/bank-digital-tanpa-biaya-admin/,200.0,,html,True,False,10 Bank Digital Tanpa Biaya Admin di Indonesia,784,,2025-05-21,jsonld,Article;CommentAction;EntryPoint;ImageObject;Organization;Person;PropertyValueSpecification;ReadAction;SearchAction;WebPage;WebSite,True,False,True,2026-10-09T07:26:10+00:00,raw
https://fazz.com/id/newsroom/fazza/bank-tanpa-biaya-admin,https://fazz.com/id/newsroom/fazza/bank-tanpa-biaya-admin/,200.0,,html,True,False,Perbandingan Lengkap Bank Tanpa Biaya Admin,1356,,2026-08-10,jsonld,Article;EntryPoint;ImageObject;Organization;Person;PropertyValueSpecification;ReadAction;SearchAction;WebPage;WebSite,True,False,True,2026-10-09T07:26:12+00:00,raw
https://fazz.com/id/newsroom/fazza/bank-terbaik-di-indonesia,https://fazz.com/id/newsroom/fazza/bank-terbaik-di-indonesia/,200.0,,html,True,False,Bank Terbaik di Indonesia 2026 Sesuai Kriteria OJK,1464,,2026-02-02,jsonld,Article;EntryPoint;ImageObject;Organization;Person;PropertyValueSpecification;ReadAction;SearchAction;WebPage;WebSite,True,False,True,2026-10-09T07:26:15+00:00,raw
https://fazz.com/id/newsroom/fazza/daftar-bank-digital-dengan-bunga-tertinggi-2026,https://fazz.com/id/newsroom/fazza/daftar-bank-digital-dengan-bunga-tertinggi-2026/,200.0,,html,True,False,Daftar Bank Digital dengan Bunga Tertinggi 2026,701,,2025-12-03,jsonld,Article;EntryPoint;ImageObject;Organization;Person;PropertyValueSpecification;ReadAction;SearchAction;WebPage;WebSite,True,False,True,2026-10-09T07:26:17+00:00,raw
https://fazz.com/id/newsroom/fazza/deposito-bank-jago,https://fazz.com/id/newsroom/fazza/deposito-bank-jago/,200.0,,html,True,False,"Bunga Deposito Bank Jago 2026, Keunggulan, dan Risikonya - Fazz Indonesia",1793,,2026-08-28,jsonld,Article;EntryPoint;ImageObject;Organization;Person;PropertyValueSpecification;ReadAction;SearchAction;WebPage;WebSite,True,False,True,2026-10-09T07:26:20+00:00,raw
https://fazz.com/id/newsroom/fazza/top-up-e-wallet-gratis,https://fazz.com/id/newsroom/fazza/top-up-e-wallet-gratis/,200.0,,html,True,False,Cara Top Up DANA Tanpa Biaya Admin,1443,,2025-04-03,jsonld,Article;CommentAction;EntryPoint;ImageObject;Organization;Person;PropertyValueSpecification;ReadAction;SearchAction;WebPage;WebSite,True,False,True,2026-10-09T07:26:22+00:00,raw
https://finance.detik.com/moneter/d-8048383/nabung-di-bank-digital-aman-dijamin-lps,https://finance.detik.com/moneter/d-8048383/nabung-di-bank-digital-aman-dijamin-lps,200.0,,html,True,False,Nabung di Bank Digital Aman Dijamin LPS,382,,2025-08-07,jsonld,BreadcrumbList;ImageObject;ListItem;NewsArticle;Organization;WebPage;person,True,False,True,2026-10-09T07:26:10+00:00,raw
https://finansial.bisnis.com/read/20260303/90/1956897/10-bank-terbesar-di-indonesia-dari-sisi-aset-mandiri-juara-bni-melonjak,https://finansial.bisnis.com/read/20260303/90/1956897/10-bank-terbesar-di-indonesia-dari-sisi-aset-mandiri-juara-bni-melonjak,403.0,,html,False,False,,0,,,,,False,False,False,2026-10-09T07:26:12+00:00,
https://finansial.kontan.co.id/news/update-bunga-deposito-bank-digital-per-mei-2026-tertinggi-capai-9,https://finansial.kontan.co.id/news/update-bunga-deposito-bank-digital-per-mei-2026-tertinggi-capai-9,403.0,,html,False,False,,0,,,,,False,False,False,2026-10-09T07:26:12+00:00,
https://find.ojk.go.id/Home,,,robots_unreachable,,False,False,,0,,,,,False,False,False,2026-10-09T07:26:12+00:00,
https://find.ojk.go.id/LJK,,,robots_unreachable,,False,False,,0,,,,,False,False,False,2026-10-09T07:26:22+00:00,
https://flip.id/id/blog/daftar-bank-yang-bisa-buka-rekening-online-bebas-setoran-awal,https://flip.id/id/blog/daftar-bank-yang-bisa-buka-rekening-online-bebas-setoran-awal,200.0,,html,True,False,"Daftar Bank yang Bisa Buka Rekening Online, Bebas Setoran Awal!",754,,2022-12-12,jsonld,Article;BreadcrumbList;ContactPoint;FinancialService;ListItem;Organization;Person;PostalAddress;SearchAction;WebSite,True,False,True,2026-10-09T07:26:12+00:00,raw
https://fliphtml5.com/eixhx/IB577---Digital-Mei-2026,https://fliphtml5.com/eixhx/IB577---Digital-Mei-2026,403.0,,html,False,False,,0,,,,,False,False,False,2026-10-09T07:26:12+00:00,
https://halopacitan.com/read/8-bank-digital-tanpa-biaya-admin-bulanan-yang-wajib-anda-tahu,https://halopacitan.com/read/8-bank-digital-tanpa-biaya-admin-bulanan-yang-wajib-anda-tahu,200.0,,html,True,False,8 Bank Digital Tanpa Biaya Admin Bulanan yang Wajib Anda Tahu! - halopacitan.com,923,,2025-05-20,meta,ImageObject;NewsArticle;Organization;Person;ReadAction;SearchAction;WebPage;WebSite,True,False,True,2026-10-09T07:26:12+00:00,rendered
https://hokibank.co.id/bank-digital-apakah-aman-ini-jawaban-solusinya,https://hokibank.co.id/bank-digital-apakah-aman-ini-jawaban-solusinya/,200.0,,html,True,False,"Bank Digital, Apakah Aman? Ini Jawaban & Solusinya! - HOKIbank",641,,2025-05-23,jsonld,Article;CommentAction;EntryPoint;ImageObject;Organization;Person;PropertyValueSpecification;ReadAction;SearchAction;WebPage;WebSite,True,False,True,2026-10-09T07:26:14+00:00,raw
https://hukumonline.com/klinik/a/langkah-hukum-jika-bank-tidak-merespons-pengaduan-nasabah-lt638f2a1b2c4d5,https://www.hukumonline.com/klinik/a/langkah-hukum-jika-bank-tidak-merespons-pengaduan-nasabah-lt638f2a1b2c4d5/,404.0,,html,False,False,,0,,,,,False,False,False,2026-10-09T07:26:14+00:00,
https://iasc.ojk.go.id,https://iasc.ojk.go.id/,200.0,,html,True,False,IASC - OJK,1309,,,,,False,False,False,2026-10-09T07:26:14+00:00,raw
https://id.headtopics.com/news/18-bank-indonesia-masuk-world-s-best-banks-2026-83242143,https://id.headtopics.com/news/18-bank-indonesia-masuk-world-s-best-banks-2026-83242143,200.0,,html,True,False,18 Bank Indonesia Masuk World’s Best Banks 2026 | Sektor Keuangan,534,,2026-05-11,jsonld,ImageObject;NewsArticle;NewsMediaOrganization;Organization;PostalAddress;PropertyValueSpecification;SearchAction;WebSite,True,False,True,2026-10-09T07:26:15+00:00,raw
https://id.tradingview.com/news/kontan:645db5a5687ea:0,https://id.tradingview.com/news/kontan:645db5a5687ea:0/,200.0,,html,True,False,"Deposito Bank Digital Masih Menggiurkan, Imbal Hasil Capai 9%! Cek Daftar Terbarunya — Berita TradingView",1233,,2026-01-06,jsonld,BreadcrumbList;ImageObject;ListItem;NewsArticle;Organization;WebPageElement,True,False,True,2026-10-09T07:26:15+00:00,raw
https://id.tradingview.com/news/kontan:d3ec5f43287ea:0,https://id.tradingview.com/news/kontan:d3ec5f43287ea:0/,200.0,,html,True,False,"OJK Optimistis KBMI 4 Kedatangan Anggota Baru, Ini Daftar Calon Kuatnya — Berita TradingView",580,,2026-03-25,jsonld,BreadcrumbList;ImageObject;ListItem;NewsArticle;Organization;WebPageElement,True,False,True,2026-10-09T07:26:16+00:00,raw
https://id.unstore.io/discover/best-mybca-alternatives,https://id.unstore.io/discover/best-mybca-alternatives,200.0,,html,True,False,Alternatif myBCA terbaik tahun 2026 (kami uji 7 aplikasi) â Unstore,1277,,2026-05-29,jsonld,Article;BreadcrumbList;ImageObject;ItemList;ListItem;Organization;WebPage,True,False,True,2026-10-09T07:26:15+00:00,raw
https://idnfinancials.com/id/bbca/pt-bank-central-asia-tbk,https://www.idnfinancials.com/id/bbca/pt-bank-central-asia-tbk,200.0,,html,True,False,PT. Bank Central Asia Tbk [BBCA] | IDNFinancials,714,,2026-10-09,htmldate,BreadcrumbList;ListItem,False,False,False,2026-10-09T07:26:16+00:00,raw
https://idnic.net/blog/detail/10-cara-menghindari-phishing/Mjc4,https://idnic.net/blog/detail/10-cara-menghindari-phishing/Mjc4,200.0,,html,True,False,10 Cara Menghindari Phishing | IDNIC - APJII,670,,,,,False,False,False,2026-10-09T07:26:16+00:00,raw
https://idntimes.com/business/finance/survey-ipsos-2026-bank-digital-makin-digandrungi-warga-ri-00-3m8tp-yfdlrc,https://www.idntimes.com/business/finance/survey-ipsos-2026-bank-digital-makin-digandrungi-warga-ri-00-3m8tp-yfdlrc,200.0,,html,True,False,Survei Ipsos 2026: Alasan Warga RI Memilih Bank Digital | IDN Times,525,,2026-10-01,jsonld,BreadcrumbList;EntryPoint;ImageObject;ListItem;NewsArticle;Organization;Person;ProfilePage;PropertyValueSpecification;SearchAction;WebPage;Website,True,False,True,2026-10-09T07:26:16+00:00,raw
https://idntimes.com/tech/trend/7-bank-digital-tawarkan-gratis-biaya-transfer-tanpa-syarat-minimum-01-w8826-59vr2g,https://www.idntimes.com/tech/trend/7-bank-digital-tawarkan-gratis-biaya-transfer-tanpa-syarat-minimum-01-w8826-59vr2g,200.0,,html,True,False,7 Bank Digital Gratis Biaya Transfer Tanpa Syarat Minimum | IDN Times,616,,2024-04-22,jsonld,BreadcrumbList;EntryPoint;ImageObject;ListItem;NewsArticle;Organization;Person;ProfilePage;PropertyValueSpecification;SearchAction;WebPage;Website,True,False,True,2026-10-09T07:26:19+00:00,raw
https://idntimes.com/tech/trend/rekomendasi-bank-digital-mahasiswa-baru-c1c2-01-3x47n-mg1cz3,https://www.idntimes.com/tech/trend/rekomendasi-bank-digital-mahasiswa-baru-c1c2-01-3x47n-mg1cz3,200.0,,html,True,False,"5 Rekomendasi Bank Digital untuk Mahasiswa Baru, Praktis, dan Hemat | IDN Times",748,,2025-07-05,jsonld,BreadcrumbList;EntryPoint;ImageObject;ListItem;NewsArticle;Organization;Person;ProfilePage;PropertyValueSpecification;SearchAction;WebPage;Website,True,False,True,2026-10-09T07:26:22+00:00,raw
https://infobanknews.com/adu-pengalaman-nasabah-bni-bank-muamalat-hingga-bank-jateng-jadi-yang-terbaik,https://infobanknews.com/adu-pengalaman-nasabah-bni-bank-muamalat-hingga-bank-jateng-jadi-yang-terbaik,200.0,,html,True,False,Loading...,529,,2026-05-06,jsonld,BreadcrumbList;ImageObject;ListItem;NewsArticle;Organization;Person;WebPage,True,False,True,2026-10-09T07:26:17+00:00,raw
https://infobankstore.com/artikel/1234/bni-juara-pelayanan-prima-disusul-bsi-bri,https://infobankstore.com/artikel/1234/bni-juara-pelayanan-prima-disusul-bsi-bri,200.0,,html,True,False,"BNI Juara Pelayanan Prima, Disusul BSI & BRI | Infobank Store",413,,,,,False,False,False,2026-10-09T07:26:17+00:00,raw
https://invesnesia.com/bank-digital-terbaik-di-indonesia,https://www.invesnesia.com/bank-digital-terbaik-di-indonesia/,200.0,,html,True,False,10 Bank Digital Terbaik dan Terbesar di Indonesia 2026 - Invesnesia,678,,2023-08-17,jsonld,Article;BreadcrumbList;FinancialService;ImageObject;ListItem;Organization;Person;WebPage;WebSite,True,False,True,2026-10-09T07:26:18+00:00,raw
https://invesnesia.com/bank/perbandingan-bank-digital-di-indonesia,https://www.invesnesia.com/bank/perbandingan-bank-digital-di-indonesia/,200.0,,html,True,False,SeaBank vs. Jago vs. Neobank vs. Allo vs. Superbank vs. Krom vs. Jenius - Invesnesia,750,,2026-02-26,jsonld,BlogPosting;BreadcrumbList;FinancialService;ImageObject;ListItem;Organization;Person;WebPage;WebSite,True,False,True,2026-10-09T07:26:21+00:00,raw
https://investor.id/finance/455687/laba-4-bank-besar-menguat-sentuh-rp-12676-triliun-hingga-agustus-2026,https://investor.id/finance/455687/laba-4-bank-besar-menguat-sentuh-rp-12676-triliun-hingga-agustus-2026,403.0,,html,False,False,,0,,,,,False,False,False,2026-10-09T07:26:18+00:00,
https://investor.id/market/427603/bca-bbca-ekspansi-cabang-baru-di-2026-fokus-jangkau-indonesia-timur,https://investor.id/market/427603/bca-bbca-ekspansi-cabang-baru-di-2026-fokus-jangkau-indonesia-timur,403.0,,html,False,False,,0,,,,,False,False,False,2026-10-09T07:26:18+00:00,
https://investortrust.id/financial/5075/punya-1112-kantor-bsi-masuk-jajaran-lima-besar-bank-dengan-kantor-terbanyak,https://investortrust.id/financial/5075/punya-1112-kantor-bsi-masuk-jajaran-lima-besar-bank-dengan-kantor-terbanyak,200.0,,html,True,False,"Punya 1.112 Kantor, BSI Masuk Jajaran Lima Besar Bank dengan Kantor Terbanyak",242,,2024-03-26,jsonld,BreadcrumbList;EntryPoint;ImageObject;ListItem;NewsArticle;NewsMediaOrganization;PostalAddress;SearchAction;WebPage;WebSite,True,False,False,2026-10-09T07:26:18+00:00,raw
https://ir-bri.com/misc/AR/flipbook/AR2024-ID/76,https://ir-bri.com/misc/AR/flipbook/AR2024-ID/76,202.0,,html,False,False,,0,,,,,False,False,False,2026-10-09T07:26:18+00:00,
https://jago.com,https://www.jago.com/,200.0,,html,True,False,Jago - Sesuai Maumu,404,,2026-07-01,htmldate,Organization,False,False,True,2026-10-09T07:26:19+00:00,raw
https://jago.com/id/blog/jenis-kantong-jago,https://www.jago.com/id/blog/jenis-kantong-jago,200.0,,html,True,False,Sudah Kenal Semua Jenis Kantong atau Poket Jago? | Bank Jago,922,,2022-01-07,jsonld,BlogPosting;ImageObject;Organization;Person,True,False,True,2026-10-09T07:26:24+00:00,raw
https://jago.com/id/features/jagoan-level,https://www.jago.com/id/features/jagoan-level,404.0,,html,False,False,,0,,,,,False,False,False,2026-10-09T07:26:26+00:00,
https://jago.com/id/id/support/faq/use-jago/about-interest-rate/about-the-interest-rate-calculation-in-jago-pockets,https://www.jago.com/id/id/support/faq/use-jago/about-interest-rate/about-the-interest-rate-calculation-in-jago-pockets,200.0,,html,True,False,Bank Jago - Serba-serbi dan simulasi bunga Kantong Jago,371,,,,Organization,False,False,True,2026-10-09T07:26:28+00:00,raw
https://jago.com/id/id/support/faq/use-jago/transfer-pay,https://www.jago.com/id/id/support/faq/use-jago/transfer-pay,200.0,,html,True,False,Bank Jago - Transfer & Bayar,76,,,,Organization,False,False,True,2026-10-09T07:26:30+00:00,raw
https://jago.com/id/jago/digital/pocket/saving-and-spending,https://www.jago.com/id/jago/digital/pocket/saving-and-spending,200.0,,html,True,False,Bank Jago - Kantong Nabung & Bayar,252,,,,Organization,False,False,True,2026-10-09T07:26:32+00:00,raw
https://jago.com/id/jago/rates,https://www.jago.com/id/jago/rates,200.0,,html,True,False,Bank Jago - Rates & Limit,388,,,,Organization,False,False,True,2026-10-09T07:26:34+00:00,raw
https://jago.com/id/jago/support/faq/menggunakan-jago/kantong/kantong-utama-kantong-nabung-dan-kantong-bayar,https://www.jago.com/id/jago/support/faq/menggunakan-jago/kantong/kantong-utama-kantong-nabung-dan-kantong-bayar,200.0,,html,True,False,"Bank Jago - Kantong Utama, Kantong Nabung, dan Kantong Bayar",502,,,,Organization,False,False,True,2026-10-09T07:26:36+00:00,raw
https://jago.com/id/jago/support/faq/menggunakan-jago/kantong/tentang-kantong-tidak-aktif-dan-dormant,https://www.jago.com/id/jago/support/faq/menggunakan-jago/kantong/tentang-kantong-tidak-aktif-dan-dormant,200.0,,html,True,False,Bank Jago - Tentang Kantong Tidak Aktif dan Dormant,987,,,,Organization,False,False,True,2026-10-09T07:26:39+00:00,raw
https://jago.com/id/jago/support/faq/tentang-jago/bank-jago/apa-kelebihan-jago,https://www.jago.com/id/jago/support/faq/tentang-jago/bank-jago/apa-kelebihan-jago,200.0,,html,True,False,Bank Jago - Apa Kelebihan Jago,156,,,,Organization,False,False,True,2026-10-09T07:26:41+00:00,raw
https://jago.com/id/jago/support/faq/use-jago/about-interest-rate,https://www.jago.com/id/jago/support/faq/use-jago/about-interest-rate,200.0,,html,True,False,Bank Jago - Tentang Bunga Kantong Jago,74,,,,Organization,False,False,True,2026-10-09T07:26:43+00:00,raw
https://jago.com/id/jago/support/faq/use-jago/gopay-tabungan-by-jago/questions-about-gopay-tabungan-by-jago,https://www.jago.com/id/jago/support/faq/use-jago/gopay-tabungan-by-jago/questions-about-gopay-tabungan-by-jago,200.0,,html,True,False,Bank Jago - Pertanyaan seputar GoPay Tabungan by Jago,475,,,,Organization,False,False,True,2026-10-09T07:26:45+00:00,raw
https://jago.com/id/product-and-services,https://www.jago.com/id/product-and-services,200.0,,html,True,False,Bank Jago - Produk & Layanan,2144,,,,Organization,False,False,True,2026-10-09T07:26:47+00:00,raw
https://jago.com/id/support/faq/about-pocket,https://www.jago.com/id/support/faq/about-pocket,200.0,,html,True,False,Bank Jago - Apa itu Kantong,219,,,,Organization,False,False,True,2026-10-09T07:26:49+00:00,raw
https://jago.com/id/support/faq/about-transfer-pay,https://www.jago.com/id/support/faq/about-transfer-pay,200.0,,html,True,False,Bank Jago - About Transfer & Pay,268,,,,Organization,False,False,True,2026-10-09T07:26:51+00:00,raw
https://jago.com/id/support/faq/tentang-jago/akun-jago-kamu/prosedur-pengaduan-nasabah,https://www.jago.com/id/support/faq/tentang-jago/akun-jago-kamu/prosedur-pengaduan-nasabah,200.0,,html,True,False,Bank Jago - Prosedur Pengaduan Nasabah,600,,,,Organization,False,False,True,2026-10-09T07:26:53+00:00,raw
https://jago.com/id/support/faq/tentang-jago/bank-jago/apa-kelebihan-jago,https://www.jago.com/id/support/faq/tentang-jago/bank-jago/apa-kelebihan-jago,200.0,,html,True,False,Bank Jago - Apa Kelebihan Jago,112,,,,Organization,False,False,True,2026-10-09T07:26:55+00:00,raw
https://jago.com/id/support/faq/tentang-jago/bank-jago/apakah-jago-berizin-dan-diawasi-oleh-regulator,https://www.jago.com/id/support/faq/tentang-jago/bank-jago/apakah-jago-berizin-dan-diawasi-oleh-regulator,200.0,,html,True,False,Bank Jago - Apakah Jago berizin dan diawasi oleh regulator?,57,,,,Organization,False,False,True,2026-10-09T07:26:57+00:00,raw
https://jago.com/id/support/faq/use-jago/about-interest-rate,https://www.jago.com/id/support/faq/use-jago/about-interest-rate,200.0,,html,True,False,Bank Jago - Tentang Bunga Kantong Jago,76,,,,Organization,False,False,True,2026-10-09T07:26:59+00:00,raw
https://jago.com/id/support/rates,https://www.jago.com/id/support/rates,200.0,,html,True,False,Bank Jago - Rates & Limit,326,,,,Organization,False,False,True,2026-10-09T07:27:01+00:00,raw
https://jago.com/id/support/rates/5,https://www.jago.com/id/support/rates/5,200.0,,html,True,False,Bank Jago - Rates & Limit,834,,,,Organization,False,False,True,2026-10-09T07:27:03+00:00,raw
https://jago.com/id/syariah/rates/5,https://www.jago.com/id/syariah/rates/5,200.0,,html,True,False,Bank Jago - Rates & Limit,886,,,,Organization,False,False,True,2026-10-09T07:27:05+00:00,raw
https://jago.com/id/syariah/rates/7,https://www.jago.com/id/syariah/rates/7,200.0,,html,True,False,Bank Jago - Rates & Limit,891,,,,Organization,False,False,True,2026-10-09T07:27:07+00:00,raw
https://journalarta.com/news/2026/07/14/cara-buka-deposito-seabank-online,https://journalarta.com/news/2026/07/14/cara-buka-deposito-seabank-online/,200.0,,html,True,False,Cara Buka Deposito SeaBank Online 2026: Bunga 5.25%,387,,2026-07-14,jsonld,BreadcrumbList;ImageObject;ListItem;NewsArticle;Organization;Person;SpeakableSpecification;WebPage,True,False,True,2026-10-09T07:26:19+00:00,raw
https://jpnn.com/news/kinerja-2025-diakui-bank-mandiri-taspen-raih-yearly-excellent-performance-2026,https://www.jpnn.com/news/kinerja-2025-diakui-bank-mandiri-taspen-raih-yearly-excellent-performance-2026,200.0,,html,True,False,"Kinerja 2025 Diakui, Bank Mandiri Taspen Raih Yearly Excellent Performance 2026",268,,2026-10-08,jsonld,BreadcrumbList;ImageObject;ItemList;ListItem;NewsArticle;Organization;Person;PostalAddress;SearchAction;WebPage;WebSite,True,False,True,2026-10-09T07:26:20+00:00,raw
https://kawula.id/rekomendasi-bank-digital-terbaik,https://kawula.id/rekomendasi-bank-digital-terbaik,200.0,,html,True,False,"13 Rekomendasi Bank Digital Terbaik 2026, Gratis Admin & Bunga Tinggi!",1270,,2026-04-19,jsonld,BreadcrumbList;ImageObject;ListItem;NewsArticle;Organization;Person;WebPage,True,False,True,2026-10-09T07:26:20+00:00,raw
https://keuangan.kontan.co.id/news/adu-kinerja-10-bank-besar-ini-bank-dengan-pertumbuhan-laba-tertinggi-di-semester-i,https://keuangan.kontan.co.id/news/adu-kinerja-10-bank-besar-ini-bank-dengan-pertumbuhan-laba-tertinggi-di-semester-i,200.0,,html,True,False,"Adu Kinerja 10 Bank Besar, Ini Bank dengan Pertumbuhan Laba Tertinggi di Semester I",1416,,2026-08-31,jsonld,BreadcrumbList;ImageObject;ListItem;NewsArticle;Organization;Person;SearchAction;WebPage;WebSite,True,False,True,2026-10-09T07:26:21+00:00,raw
https://keuangan.kontan.co.id/news/bunga-deposito-bank-digital-masih-tinggi-ada-yang-mencapai-9,https://keuangan.kontan.co.id/news/bunga-deposito-bank-digital-masih-tinggi-ada-yang-mencapai-9,200.0,,html,True,False,"Bunga Deposito Bank Digital Masih Tinggi, Ada yang Mencapai 9%",1102,,2026-09-03,jsonld,BreadcrumbList;ImageObject;ListItem;NewsArticle;Organization;Person;SearchAction;WebPage;WebSite,True,False,True,2026-10-09T07:26:22+00:00,raw
https://keuangan.kontan.co.id/news/bunga-deposito-krom-bank-masih-8-meski-mulai-turun-secara-bertahap,https://keuangan.kontan.co.id/news/bunga-deposito-krom-bank-masih-8-meski-mulai-turun-secara-bertahap,200.0,,html,True,False,"Bunga Deposito Krom Bank Masih 8%, Meski Mulai Turun Secara Bertahap",353,,2026-04-29,jsonld,BreadcrumbList;ImageObject;ListItem;NewsArticle;Organization;Person;SearchAction;WebPage;WebSite,True,False,True,2026-10-09T07:26:24+00:00,raw
https://keuangan.kontan.co.id/news/kantor-cabang-bank-menyusut-di-tengah-percepatan-digitalisasi,https://keuangan.kontan.co.id/news/kantor-cabang-bank-menyusut-di-tengah-percepatan-digitalisasi,200.0,,html,True,False,Jumlah Kantor Cabang Bank Menyusut di Tengah Percepatan Digitalisasi,585,,2026-09-20,jsonld,BreadcrumbList;ImageObject;ListItem;NewsArticle;Organization;Person;SearchAction;WebPage;WebSite,True,False,True,2026-10-09T07:26:25+00:00,raw
https://keuangan.kontan.co.id/news/survei-menunjukkan-performa-aplikasi-jadi-perhatian-pengguna-bank-digital,https://keuangan.kontan.co.id/news/survei-menunjukkan-performa-aplikasi-jadi-perhatian-pengguna-bank-digital,200.0,,html,True,False,Survei Menunjukkan Performa Aplikasi Jadi Perhatian Pengguna Bank Digital,423,,2026-09-25,jsonld,BreadcrumbList;ImageObject;ListItem;NewsArticle;Organization;Person;SearchAction;WebPage;WebSite,True,False,True,2026-10-09T07:26:26+00:00,raw
https://kitacoba.com/referensi/biaya-admin-bank,https://kitacoba.com/referensi/biaya-admin-bank/,200.0,,html,True,False,Biaya Admin & Saldo Minimum Bank — Perbandingan Tabungan 2026 — KitaCoba.com,666,,,,Answer;BreadcrumbList;FAQPage;ListItem;Organization;Question;WebPage,False,True,True,2026-10-09T07:26:22+00:00,raw
https://kompas.com/skola/read/2026/03/10/140000369/cara-melaporkan-masalah-perbankan-ke-ojk-dan-bi,https://kompas.com/skola/read/2026/03/10/140000369/cara-melaporkan-masalah-perbankan-ke-ojk-dan-bi,403.0,,html,False,False,,0,,,,,False,False,False,2026-10-09T07:26:22+00:00,
https://kontak157.ojk.go.id,,,robots_unreachable,,False,False,,0,,,,,False,False,False,2026-10-09T07:26:23+00:00,
https://krom.id,https://krom.id/,200.0,,html,True,False,Krom Bank Indonesia,263,,2022-08-08,jsonld,BreadcrumbList;EntryPoint;ImageObject;ListItem;Organization;PropertyValueSpecification;ReadAction;SearchAction;WebPage;WebSite,False,False,True,2026-10-09T07:26:23+00:00,raw
https://krom.id/biaya-dan-limit,https://krom.id/biaya-dan-limit/,200.0,,html,True,False,Biaya dan Limit - Krom Bank Indonesia,253,,2024-08-07,jsonld,BreadcrumbList;EntryPoint;ImageObject;ListItem;Organization;PropertyValueSpecification;ReadAction;SearchAction;WebPage;WebSite,False,False,True,2026-10-09T07:26:23+00:00,raw
https://krom.id/faq,https://krom.id/faq/,200.0,,html,True,False,Krom Bank - FAQ,11376,,2022-10-27,jsonld,BreadcrumbList;EntryPoint;ImageObject;ListItem;Organization;PropertyValueSpecification;ReadAction;SearchAction;WebPage;WebSite,False,False,True,2026-10-09T07:26:26+00:00,raw
https://krom.id/pencairan-krom-flex,https://krom.id/pencairan-krom-flex/,200.0,,html,True,False,Perubahan Ketentuan Bunga untuk Pencairan Awal Deposito Krom Flex - Krom Bank Indonesia,158,,2026-01-21,jsonld,Article;BreadcrumbList;CommentAction;EntryPoint;ImageObject;ListItem;Organization;Person;PropertyValueSpecification;ReadAction;SearchAction;WebPage;WebSite,True,False,True,2026-10-09T07:26:29+00:00,raw
https://krom.id/syarat-ketentuan,https://krom.id/syarat-ketentuan/,200.0,,html,True,False,Krom Bank - Syarat & Ketentuan,8830,,2022-08-14,jsonld,BreadcrumbList;EntryPoint;ImageObject;ListItem;Organization;PropertyValueSpecification;ReadAction;SearchAction;WebPage;WebSite,False,False,True,2026-10-09T07:26:31+00:00,raw
https://lapssjk.id,https://lapssjk.id/,200.0,,html,True,False,LAPS SJK,441,,2026-08-12,htmldate,,False,False,False,2026-10-09T07:26:23+00:00,raw
https://lapssjk.id/page/berita/complaint-channels-for-the-dispute-resolution-process,https://lapssjk.id/page/berita/complaint-channels-for-the-dispute-resolution-process,200.0,,html,False,False,Media Penyampaian Pengaduan Proses Penyelesaian Sengketa,43,,2026-02-20,htmldate,,False,False,False,2026-10-09T07:26:25+00:00,rendered
https://lapssjk.id/page/informasi,https://lapssjk.id/page/informasi,200.0,,html,True,False,INFORMASI,94,,2026-03-31,htmldate,,False,False,False,2026-10-09T07:26:26+00:00,rendered
https://lapssjk.id/page/informasi/free-consultation-services,https://lapssjk.id/page/informasi/free-consultation-services,404.0,,html,False,False,,0,,,,,False,False,False,2026-10-09T07:26:28+00:00,
https://lemon8-app.com/experience/aplikasi-mobile-bca,https://www.lemon8-app.com/experience/aplikasi-mobile-bca,404.0,,html,False,False,,0,,,,,False,False,False,2026-10-09T07:26:24+00:00,
https://lps.go.id,https://lps.go.id/,200.0,,html,True,False,LPS - Lembaga Penjamin Simpanan - Sahabat Nasabah Indonesia,414,,2024-01-10,jsonld,ContactPoint;GeoCoordinates;ImageObject;NewsArticle;Organization;Person;Place;PostalAddress;SearchAction;WebPage;WebSite,True,False,True,2026-10-09T07:26:24+00:00,raw
https://lps.go.id/en/deposit-insurance,https://lps.go.id/en/deposit-insurance/,200.0,,html,True,False,Deposit Insurance - LPS - Lembaga Penjamin Simpanan,144,,2023-02-03,jsonld,BreadcrumbList;ContactPoint;GeoCoordinates;ImageObject;ListItem;NewsArticle;Organization;Person;Place;PostalAddress;WebPage;WebSite,True,False,True,2026-10-09T07:26:27+00:00,raw
https://lps.go.id/konten/unggahan/2023/07/AR-LPS-2023.pdf,,,robots_disallowed,,False,False,,0,,,,,False,False,False,2026-10-09T07:26:29+00:00,
https://lps.go.id/konten/unggahan/2023/07/Working-Paper-Implementasi-Single-Customer-View-SCV-REV-1.pdf,,,robots_disallowed,,False,False,,0,,,,,False,False,False,2026-10-09T07:26:30+00:00,
https://lps.go.id/konten/unggahan/2025/01/Peng-1-DSPS-2025-Tentang-Penetapan-Tingkat-Bunga-Penjaminan-Untuk-Simpanan-di-Bank-Umum.pdf,,,robots_disallowed,,False,False,,0,,,,,False,False,False,2026-10-09T07:26:31+00:00,
https://lps.go.id/tingkat-bunga-penjaminan,https://lps.go.id/tingkat-bunga-penjaminan,403.0,,html,False,False,,0,,,,,False,False,False,2026-10-09T07:26:32+00:00,
https://maybank.co.id/Article/StoryForYourInspirationPersonal/2025/11/20/02/41/5-Langkah-Menjaga-Keamanan-dan-Privasi-Perbankan-Anda,,,robots_unreachable,,False,False,,0,,,,,False,False,False,2026-10-09T07:26:25+00:00,
https://mediaasuransinews.co.id/majalah/pt-bank-central-asia-tbk-nilai-mendekati-sempurna,https://mediaasuransinews.co.id/majalah/pt-bank-central-asia-tbk-nilai-mendekati-sempurna/,200.0,,html,False,False,PT Bank Central Asia Tbk Nilai Mendekati Sempurna,29,,2026-10-07,jsonld,Article;BreadcrumbList;EntryPoint;ImageObject;ListItem;Organization;Person;PropertyValueSpecification;ReadAction;SearchAction;WebPage;WebSite,True,False,True,2026-10-09T07:26:25+00:00,rendered
https://medianasabah.com/2026/07/rapot-digital-mobile-banking-bank-umum-di-indonesia-per-akhir-juni-2026-siapa-yang-paling-memuaskan-nasabah.html,https://www.medianasabah.com/2026/07/rapot-digital-mobile-banking-bank-umum-di-indonesia-per-akhir-juni-2026-siapa-yang-paling-memuaskan-nasabah.html,200.0,,html,True,False,Rapot Digital Mobile Banking Bank Umum di Indonesia Per Akhir Juni 2026: Siapa yang Paling Memuaskan Nasabah?,741,,2026-07-25,htmldate,,False,False,False,2026-10-09T07:26:27+00:00,raw
https://medianasabah.com/2026/09/rapot-digital-mobile-banking-agustus-2026-top-5-aplikasi-banking-dengan-layanan-terbaik.html,https://www.medianasabah.com/2026/09/rapot-digital-mobile-banking-agustus-2026-top-5-aplikasi-banking-dengan-layanan-terbaik.html,200.0,,html,True,False,Rapot Digital Mobile Banking Agustus 2026: Top 5 Aplikasi Banking dengan Layanan Terbaik,463,,2026-09-01,htmldate,,False,False,False,2026-10-09T07:26:28+00:00,raw
https://metrotvnews.com/read/KXyCW3mn-bank-mandiri-taspen-siapkan-ekosistem-lansia-ajak-masyarakat-rencanakan-pensiun-di-usia-40-tahun,https://www.metrotvnews.com/read/KXyCW3mn-bank-mandiri-taspen-siapkan-ekosistem-lansia-ajak-masyarakat-rencanakan-pensiun-di-usia-40-tahun,200.0,,html,True,False,"Bank Mandiri Taspen Siapkan Ekosistem Lansia, Ajak Masyarakat Rencanakan Pensiun di Usia 40 Tahun",992,,2026-07-04,jsonld,BreadcrumbList;ImageObject;ListItem;NewsArticle;Organization;Person;SearchAction;Thing;WebPage;WebSite,True,False,True,2026-10-09T07:26:27+00:00,raw
https://money.kompas.com/read/2025/05/18/124912126/daftar-8-bank-digital-tanpa-biaya-admin-bulanan-cek-keunggulannya?page=all,https://money.kompas.com/read/2025/05/18/124912126/daftar-8-bank-digital-tanpa-biaya-admin-bulanan-cek-keunggulannya?page=all,403.0,,html,False,False,,0,,,,,False,False,False,2026-10-09T07:26:29+00:00,
https://nexapp.co/post/tabungan-tanpa-biaya-admin-apa-saja-pilihannya-di-2025,https://www.nexapp.co/post/tabungan-tanpa-biaya-admin-apa-saja-pilihannya-di-2025,200.0,,html,True,False,Tabungan Tanpa Biaya Admin: Apa Saja Pilihannya di 2026?,563,,2025-11-11,jsonld,BlogPosting;Organization;Person;itemPage,True,False,True,2026-10-09T07:26:29+00:00,raw
https://nextindonesia.id/Research/2026/08/07/290/Daya-Pikat-Bank-Digital,,,robots_unreachable,,False,False,,0,,,,,False,False,False,2026-10-09T07:26:30+00:00,
https://nobugo.nobubank.com/blog/bank-digital-tanpa-biaya-admin,https://nobugo.nobubank.com/blog/bank-digital-tanpa-biaya-admin/,200.0,,html,True,False,Bank Digital Tanpa Biaya Admin 2026: Kenapa nobu Go Layak Jadi Pilihan?,717,,2025-11-17,jsonld,Article;BreadcrumbList;CommentAction;EntryPoint;ImageObject;ListItem;Organization;Person;PropertyValueSpecification;ReadAction;SearchAction;WebPage;WebSite,True,False,True,2026-10-09T07:26:30+00:00,raw
https://nobugo.nobubank.com/blog/gratis-transfer-unlimited-dengan-nobu-go,https://nobugo.nobubank.com/blog/gratis-transfer-unlimited-dengan-nobu-go/,200.0,,html,True,False,Transfer Gratis Tanpa Kuota & Biaya! - nobu Go,1729,,2026-09-01,jsonld,Article;BreadcrumbList;CommentAction;EntryPoint;ImageObject;ListItem;Organization;Person;PropertyValueSpecification;ReadAction;SearchAction;WebPage;WebSite,True,False,True,2026-10-09T07:26:36+00:00,raw
https://ojk.go.id,https://ojk.go.id/Default.aspx,200.0,,html,True,False,Portal OJK,9764,,2026-10-09,htmldate,,False,False,False,2026-10-09T07:26:30+00:00,raw
https://ojk.go.id/id/Default.aspx,https://ojk.go.id/id/Default.aspx,200.0,,html,False,False,Otoritas Jasa Keuangan,32,,2026-10-08,htmldate,,False,False,False,2026-10-09T07:26:46+00:00,raw
https://ojk.go.id/id/Publikasi/Info-Hoax/Pages/Waspada-Penipuan-HUT-OJK.aspx,https://ojk.go.id/id/Publikasi/Info-Hoax/Pages/Waspada-Penipuan-HUT-OJK.aspx,200.0,,html,True,False,Waspada Penipuan HUT OJK!,54,,2026-09-17,htmldate,,False,False,False,2026-10-09T07:26:52+00:00,raw
https://ojk.go.id/id/berita-dan-kegiatan/info-terkini/Documents/Pages/Buku-Saku-Cerdas-Mengelola-Keuangan/Buku%20Saku%20Cerdas%20Mengelola%20Keuangan.pdf,https://ojk.go.id/id/berita-dan-kegiatan/info-terkini/Documents/Pages/Buku-Saku-Cerdas-Mengelola-Keuangan/Buku%20Saku%20Cerdas%20Mengelola%20Keuangan.pdf,200.0,,pdf,True,False,,15731,141,,,,False,False,False,2026-10-09T07:26:56+00:00,raw
https://ojk.go.id/id/berita-dan-kegiatan/info-terkini/Pages/Satgas-PASTI-Hentikan-953-Entitas-Pinjol-Ilegal-dan-Penawaran-Investasi-Ilegal.aspx,https://ojk.go.id/id/berita-dan-kegiatan/info-terkini/Pages/Satgas-PASTI-Hentikan-953-Entitas-Pinjol-Ilegal-dan-Penawaran-Investasi-Ilegal.aspx,200.0,,html,True,False,Satgas PASTI Hentikan 953 Entitas Pinjol Ilegal dan Penawaran Investasi Ilegal,566,,2026-04-29,htmldate,,False,False,False,2026-10-09T07:27:34+00:00,raw
https://ojk.go.id/id/berita-dan-kegiatan/info-terkini/Pages/Satgas-PASTI-Terima-25-Ribu-Pengaduan-Aktivitas-Keuangan-Ilegal-dan-IASC-Berhasil-Blokir-Dana-Terkait-Scam-Rp-724-Miliar.aspx,https://ojk.go.id/id/berita-dan-kegiatan/info-terkini/Pages/Satgas-PASTI-Terima-25-Ribu-Pengaduan-Aktivitas-Keuangan-Ilegal-dan-IASC-Berhasil-Blokir-Dana-Terkait-Scam-Rp-724-Miliar.aspx,200.0,,html,True,False,Satgas PASTI Terima 25 Ribu Pengaduan Aktivitas Keuangan Ilegal dan IASC Berhasil Blokir Dana Terkait Scam Rp724 Miliar,942,,2026-09-01,htmldate,,False,False,False,2026-10-09T07:27:38+00:00,raw
https://ojk.go.id/id/berita-dan-kegiatan/info-terkini/Pages/Waspada-Penipuan-Mengatasnamakan-Bank-melalui-SMS.aspx,https://ojk.go.id/id/berita-dan-kegiatan/info-terkini/Pages/Waspada-Penipuan-Mengatasnamakan-Bank-melalui-SMS.aspx,200.0,,html,True,False,Waspada Penipuan Mengatasnamakan Bank melalui SMS,65,,2025-03-05,htmldate,,False,False,False,2026-10-09T07:27:44+00:00,raw
https://ojk.go.id/id/berita-dan-kegiatan/info-terkini/Pages/Waspada-Penipuan-Mengatasnamakan-OJK.aspx,https://ojk.go.id/id/berita-dan-kegiatan/info-terkini/Pages/Waspada-Penipuan-Mengatasnamakan-OJK.aspx,200.0,,html,True,False,Waspada Penipuan Mengatasnamakan OJK,111,,2019-02-14,htmldate,,False,False,False,2026-10-09T07:27:49+00:00,raw
https://ojk.go.id/id/berita-dan-kegiatan/info-terkini/Pages/Waspada-Penipuan-Website-Mengatasnamakan-Indonesia-Anti-Scam-Centre-IASC.aspx,https://ojk.go.id/id/berita-dan-kegiatan/info-terkini/Pages/Waspada-Penipuan-Website-Mengatasnamakan-Indonesia-Anti-Scam-Centre-IASC.aspx,200.0,,html,True,False,Waspada Penipuan Website Mengatasnamakan Indonesia Anti-Scam Centre (IASC),261,,2025-03-28,htmldate,,False,False,False,2026-10-09T07:27:54+00:00,raw
https://ojk.go.id/id/berita-dan-kegiatan/publikasi/Pages/Buku-Pahami-dan-Hindari-Tipibank-%28Sesuai-Undang-Undang-Perbankan%29-Edisi-2021.aspx,https://ojk.go.id/id/berita-dan-kegiatan/publikasi/Pages/Buku-Pahami-dan-Hindari-Tipibank-%28Sesuai-Undang-Undang-Perbankan%29-Edisi-2021.aspx,200.0,,html,True,False,Buku Pahami dan Hindari Tipibank (Sesuai Undang-Undang Perbankan) Edisi 2021,173,,2022-01-24,htmldate,,False,False,False,2026-10-09T07:27:59+00:00,raw
https://ojk.go.id/id/berita-dan-kegiatan/publikasi/Pages/Jadwal-Operasional-Kontak-157.aspx,https://ojk.go.id/id/berita-dan-kegiatan/publikasi/Pages/Jadwal-Operasional-Kontak-157.aspx,200.0,,html,True,False,Jadwal Operasional Layanan Kontak 157,109,,2025-07-22,htmldate,,False,False,False,2026-10-09T07:28:05+00:00,raw
https://ojk.go.id/id/berita-dan-kegiatan/siaran-pers/Pages/KSSK-Agustus-2026.aspx,https://ojk.go.id/id/berita-dan-kegiatan/siaran-pers/Pages/KSSK-Agustus-2026.aspx,200.0,,html,True,False,"Siaran Pers Bersama: Stabilitas Sistem Keuangan Nasional Tetap Terjaga, Didukung Koordinasi dan Sinergi Kebijakan Antarotoritas, untuk Mendukung Momentum Pertumbuhan Ekonomi",4698,,2026-08-04,htmldate,,False,False,False,2026-10-09T07:28:13+00:00,raw
https://ojk.go.id/id/berita-dan-kegiatan/siaran-pers/Pages/OJK-Komdigi-dan-Perbankan-Sepakat-Perkuat-Upaya-Pemberantasan-Scam-dan-Judol.aspx,https://ojk.go.id/id/berita-dan-kegiatan/siaran-pers/Pages/OJK-Komdigi-dan-Perbankan-Sepakat-Perkuat-Upaya-Pemberantasan-Scam-dan-Judol.aspx,200.0,,html,True,False,"Siaran Pers: OJK, Komdigi, dan Perbankan Sepakat Perkuat Upaya Pemberantasan Scam dan Judol",799,,2026-07-14,htmldate,,False,False,False,2026-10-09T07:28:20+00:00,raw
https://ojk.go.id/id/berita-dan-kegiatan/siaran-pers/Pages/OJK-Perkuat-Kapasitas-Ketahanan-Siber-Industri-Keuangan-Digital-Nasional.aspx,https://ojk.go.id/id/berita-dan-kegiatan/siaran-pers/Pages/OJK-Perkuat-Kapasitas-Ketahanan-Siber-Industri-Keuangan-Digital-Nasional.aspx,200.0,,html,True,False,Siaran Pers: OJK Perkuat Kapasitas Ketahanan Siber Industri Keuangan Digital Nasional,579,,2026-04-30,htmldate,,False,False,False,2026-10-09T07:28:24+00:00,raw
https://ojk.go.id/id/berita-dan-kegiatan/siaran-pers/Pages/OJK-Terbitkan-Aturan-Keamanan-Siber-Bank-Umum.aspx,https://ojk.go.id/id/berita-dan-kegiatan/siaran-pers/Pages/OJK-Terbitkan-Aturan-Keamanan-Siber-Bank-Umum.aspx,404.0,,html,False,False,,0,,,,,False,False,False,2026-10-09T07:28:29+00:00,
https://ojk.go.id/id/kanal/edukasi-dan-perlindungan-konsumen/Pages/Pengaduan-Konsumen.aspx,https://ojk.go.id/id/kanal/edukasi-dan-perlindungan-konsumen/Pages/Pengaduan-Konsumen.aspx,404.0,,html,False,False,,0,,,,,False,False,False,2026-10-09T07:28:30+00:00,
https://ojk.go.id/id/kanal/edukasi-dan-perlindungan-konsumen/Pages/lembaga-alternatif-penyelesaian-sengketa.aspx,https://ojk.go.id/id/kanal/edukasi-dan-perlindungan-konsumen/Pages/lembaga-alternatif-penyelesaian-sengketa.aspx,200.0,,html,True,False,Konsumen,1845,,2026-10-09,htmldate,,False,False,False,2026-10-09T07:28:31+00:00,raw
https://ojk.go.id/id/kanal/perbankan/data-dan-statistik/daftar-alamat-kantor-pusat-bank-umum-syariah/Default.aspx,https://ojk.go.id/id/kanal/perbankan/data-dan-statistik/daftar-alamat-kantor-pusat-bank-umum-syariah/Default.aspx,404.0,,html,False,False,,0,,,,,False,False,False,2026-10-09T07:28:37+00:00,
https://ojk.go.id/id/kanal/perbankan/data-dan-statistik/direktori-perbankan-indonesia/default.aspx,https://ojk.go.id/id/kanal/perbankan/data-dan-statistik/direktori-perbankan-indonesia/default.aspx,200.0,,html,True,False,Direktori Perbankan Indonesia,171,,2026-10-09,htmldate,,False,False,False,2026-10-09T07:28:38+00:00,raw
https://ojk.go.id/id/regulasi/Documents/Pages/Pelindungan-Konsumen-dan-Masyarakat-di-Sektor-Jasa-Keuangan/POJK%2022%20Tahun%202023%20Pelindungan%20Konsumen%20dan%20Masyarakat%20di%20Sektor%20Jasa%20Keuangan.pdf,https://ojk.go.id/id/regulasi/Documents/Pages/Pelindungan-Konsumen-dan-Masyarakat-di-Sektor-Jasa-Keuangan/POJK%2022%20Tahun%202023%20Pelindungan%20Konsumen%20dan%20Masyarakat%20di%20Sektor%20Jasa%20Keuangan.pdf,200.0,,pdf,True,False,,38518,131,,,,False,False,False,2026-10-09T07:28:45+00:00,raw
https://ojk.go.id/id/regulasi/Pages/Layanan-Digital-Oleh-Bank-Umum.Aspx,https://ojk.go.id/id/regulasi/Pages/Layanan-Digital-Oleh-Bank-Umum.Aspx,200.0,,html,True,False,Layanan Digital oleh Bank Umum,767,,2026-10-09,htmldate,,False,False,False,2026-10-09T07:29:01+00:00,raw
https://ojk.go.id/id/regulasi/Pages/Pelindungan-Konsumen-dan-Masyarakat-di-Sektor-Jasa-Keuangan.aspx,https://ojk.go.id/id/regulasi/Pages/Pelindungan-Konsumen-dan-Masyarakat-di-Sektor-Jasa-Keuangan.aspx,200.0,,html,True,False,Pelindungan Konsumen dan Masyarakat di Sektor Jasa Keuangan,482,,2026-10-09,htmldate,,False,False,False,2026-10-09T07:29:06+00:00,raw
https://ojk.go.id/waspada-investasi/id/FAQ.aspx,https://ojk.go.id/waspada-investasi/id/FAQ.aspx,200.0,,html,True,False,Waspada Investasi,900,,2026-10-09,htmldate,,False,False,False,2026-10-09T07:29:13+00:00,raw
https://padangsambian.denpasarkota.go.id/berita/cara-menghindari-dan-melindungi-diri-dari-phishing,https://www.padangsambian.denpasarkota.go.id/berita/cara-menghindari-dan-melindungi-diri-dari-phishing,200.0,,html,True,False,Cara Menghindari Dan Melindungi Diri Dari PHISHING - Kelurahan Padangsambian,305,,,,,False,False,False,2026-10-09T07:26:34+00:00,raw
https://peraturan.bpk.go.id/Details/305937/peraturan-lps-no-3-tahun-2024,https://peraturan.bpk.go.id/Details/305937/peraturan-lps-no-3-tahun-2024,403.0,,html,False,False,,0,,,,,False,False,False,2026-10-09T07:26:34+00:00,
https://play.google.com/store/apps/details?id=com.jago.digitalBanking,https://play.google.com/store/apps/details?id=com.jago.digitalBanking,200.0,,html,True,False,Bank Jago/Jago Syariah - Aplikasi di Google Play,593,,,,AggregateRating;Offer;Person;SoftwareApplication,False,False,False,2026-10-09T07:26:34+00:00,raw
https://pluang.com/blog/resource/tabungan-tanpa-biaya-administrasi,https://pluang.com/blog/resource/tabungan-tanpa-biaya-administrasi,200.0,,html,True,False,Pilih Bank Tanpa Biaya Administrasi? Ini 10 Bank yang Bisa Kamu Pertimbangkan,804,,2020-02-18,jsonld,AggregateRating;BlogPosting;BreadcrumbList;Country;FinancialService;ImageObject;ListItem;NewsMediaOrganization;Offer;Organization;Person;PostalAddress;SoftwareApplication;WebPage,True,False,True,2026-10-09T07:26:34+00:00,raw
https://pohonilmu.com/bank-digital-gratis-biaya-admin,https://pohonilmu.com/bank-digital-gratis-biaya-admin,403.0,,html,False,False,,0,,,,,False,False,False,2026-10-09T07:26:34+00:00,
https://reddit.com/r/finansial/comments/1dk3jpa,,,robots_disallowed,,False,False,,0,,,,,False,False,False,2026-10-09T07:26:35+00:00,
https://reddit.com/r/indotech/comments/1m5bkch,,,robots_disallowed,,False,False,,0,,,,,False,False,False,2026-10-09T07:26:35+00:00,
https://ruangkeuangan.id/personal-finance/bank-digital-terbaik,https://ruangkeuangan.id/personal-finance/bank-digital-terbaik/,200.0,,html,True,False,8 Bank Digital Terbaik di Indonesia 2026 Aman & Banyak Promo,740,,2026-04-01,jsonld,Article;BreadcrumbList;CommentAction;EntryPoint;ImageObject;ListItem;Organization;Person;PropertyValueSpecification;ReadAction;SearchAction;WebPage;WebSite,True,False,True,2026-10-09T07:26:35+00:00,raw
https://seabank.co.id,https://www.seabank.co.id/,200.0,,html,True,False,"Simple, Untung, untuk Semua | PT Bank Seabank Indonesia",981,,,,,False,False,False,2026-10-09T07:26:35+00:00,raw
https://seabank.co.id/fees-rates,https://www.seabank.co.id/fees-rates,200.0,,html,True,False,Biaya & Tarif | SeaBank ID,389,,,,,False,False,False,2026-10-09T07:26:37+00:00,rendered
https://seabank.co.id/help-center,https://www.seabank.co.id/help-center,200.0,,html,True,False,,50,,,,,False,False,False,2026-10-09T07:26:38+00:00,raw
https://seabank.co.id/help-center/article/10218,https://www.seabank.co.id/help-center/article/10218,200.0,,html,True,False,,50,,,,,False,False,False,2026-10-09T07:26:40+00:00,raw
https://seabank.co.id/help-center/article/10226,https://www.seabank.co.id/help-center/article/10226,200.0,,html,True,False,,50,,,,,False,False,False,2026-10-09T07:26:42+00:00,raw
https://seabank.co.id/perusahaan/transparansi/hubungan-investor/mekanisme-pengaduan,https://www.seabank.co.id/perusahaan/transparansi/hubungan-investor/mekanisme-pengaduan,200.0,,html,True,False,Mekanisme Pengaduan Nasabah | SeaBank ID,553,,,,,False,False,False,2026-10-09T07:26:43+00:00,raw
https://seabank.co.id/product/virtual-account,https://www.seabank.co.id/product/virtual-account,200.0,,html,True,False,"Simple, Untung, untuk Semua | PT Bank Seabank Indonesia",1044,,,,,False,False,False,2026-10-09T07:26:45+00:00,rendered
https://seabank.co.id/produk-layanan/digital/tabungan,https://www.seabank.co.id/produk-layanan/digital/tabungan,200.0,,html,True,False,Bank dengan Bunga Tabungan Tinggi | SeaBank ID,73,,,,,False,False,False,2026-10-09T07:26:47+00:00,raw
https://seabank.co.id/produk-layanan/konvensional,https://www.seabank.co.id/produk-layanan/konvensional,200.0,,html,True,False,Biaya dan Bunga | SeaBank ID,807,,,,,False,False,False,2026-10-09T07:26:48+00:00,rendered
https://seabank.co.id/produk-layanan/transaksi/transfer-e-wallet,https://www.seabank.co.id/produk-layanan/transaksi/transfer-e-wallet,200.0,,html,True,False,Transfer Gratis dan Top up E-Wallet | SeaBank ID,80,,,,,False,False,False,2026-10-09T07:26:50+00:00,raw
https://seabank.co.id/pusat-bantuan/artikel/10023-bagaimana-cara-membuka-deposito,https://www.seabank.co.id/pusat-bantuan/artikel/10023-bagaimana-cara-membuka-deposito,200.0,,html,True,False,bagaimana cara membuka deposito | SeaBank ID,259,,,,,False,False,False,2026-10-09T07:26:52+00:00,rendered
https://seabank.co.id/pusat-bantuan/artikel/10080,https://www.seabank.co.id/pusat-bantuan/artikel/10080,200.0,,html,True,False,10080 | SeaBank ID,195,,,,,False,False,False,2026-10-09T07:26:54+00:00,rendered
https://seabank.co.id/pusat-bantuan/artikel/10080-berapa-bunga-dan-tenor-deposito-seabank,https://www.seabank.co.id/pusat-bantuan/artikel/10080-berapa-bunga-dan-tenor-deposito-seabank,200.0,,html,True,False,berapa bunga dan tenor deposito seabank | SeaBank ID,195,,,,,False,False,False,2026-10-09T07:26:56+00:00,rendered
https://shinhan.co.id/individu/simpanan/tabungan-berjangka-shinhan,,,robots_unreachable,,False,False,,0,,,,,False,False,False,2026-10-09T07:26:35+00:00,
https://sikapiuangmu.ojk.go.id/FrontEnd/images/FileDownload/535_Majalah%20Edukasi%20Konsumen%20Edisi%20Juni%202021.pdf,https://sikapiuangmu.ojk.go.id/FrontEnd/images/FileDownload/535_Majalah%20Edukasi%20Konsumen%20Edisi%20Juni%202021.pdf,403.0,,pdf,False,False,,0,,,,,False,False,False,2026-10-09T07:26:36+00:00,
https://smbci.com/id/tentang-kami/segmen-usaha/smbc-senior,https://www.smbci.com/id/tentang-kami/segmen-usaha/smbc-senior,200.0,,html,True,False,SMBC Senior : SMBC Indonesia,266,,,,,False,False,False,2026-10-09T07:26:37+00:00,raw
https://suara.com/bisnis/2026/10/07/232733/tips-mengelola-keuangan-secara-cerdas-dengan-aplikasi-digital,https://www.suara.com/bisnis/2026/10/07/232733/tips-mengelola-keuangan-secara-cerdas-dengan-aplikasi-digital,200.0,,html,True,False,Tips Mengelola Keuangan Secara Cerdas dengan Aplikasi Digital,447,,2026-10-07,jsonld,BreadcrumbList;ContactPoint;ImageObject;ListItem;NewsArticle;NewsMediaOrganization;Person;PostalAddress;SearchAction;WebPage;WebSite,True,False,False,2026-10-09T07:26:39+00:00,raw
https://superbank.app.hellocode.co.id/produk-layanan/tabungan/tabungan,https://superbank.app.hellocode.co.id/produk-layanan/tabungan/tabungan,200.0,,html,True,False,Tabungan Utama - Superbank - Teman Andalan Untuk Keuanganmu,146,,,,,False,False,False,2026-10-09T07:26:39+00:00,raw
https://techfin.id/keuangan/super-app-bank-terbaik-2025,https://techfin.id/keuangan/super-app-bank-terbaik-2025/,200.0,,html,True,False,"Review Jujur 5 Super App Bank Terbaik 2025, Kamu Pilih Mana?",1199,,2025-06-10,jsonld,Article;BreadcrumbList;CommentAction;ContactPoint;EntryPoint;ImageObject;ListItem;Organization;Person;PostalAddress;PropertyValueSpecification;QuantitativeValue;ReadAction;SearchAction;WebPage;WebSite,True,False,True,2026-10-09T07:26:40+00:00,raw
https://tirto.id/tabungan-untuk-usia-20-an-di-2026-bunga-tinggi-biaya-rendah-htS9,https://tirto.id/tabungan-untuk-usia-20-an-di-2026-bunga-tinggi-biaya-rendah-htS9,200.0,,html,True,False,8 Tabungan untuk Usia 20-an di 2026: Bunga Tinggi & Biaya Rendah,1877,,2026-04-11,htmldate,BreadcrumbList;ImageObject;ListItem;NewsArticle;Organization;Person;ViewAction;WebPage,True,False,True,2026-10-09T07:26:40+00:00,raw
https://tuwaga.id/artikel/bank-digital-terbaik-2026,https://tuwaga.id/artikel/bank-digital-terbaik-2026/,200.0,,html,True,False,"13 Bank Digital Terbaik 2026, Gratis Admin & Bunga Tinggi! - Tuwaga",1013,,2026-01-20,jsonld,BreadcrumbList;ImageObject;ListItem;NewsArticle;Organization;Person;WebPage,True,False,True,2026-10-09T07:26:41+00:00,raw
https://vida.id/id/blog/bank-digital-terbaik,https://vida.id/id/blog/bank-digital-terbaik,200.0,,html,True,False,8 Bank Digital Terbaik dari Segi Keuntungan dan Keamanannya,1098,,2025-08-29,jsonld,BlogPosting;ImageObject;Organization;Person;PostalAddress;WebPage;WebSite,True,False,True,2026-10-09T07:26:41+00:00,raw
https://wondr.bni.co.id,https://wondr.bni.co.id/,200.0,,html,True,False,"wondr by BNI: Atur Keuanganmu, Jadiin Maumu",127,,,,,False,False,False,2026-10-09T07:26:41+00:00,raw
https://youtube.com/watch?v=jYps3zfolbM,https://www.youtube.com/watch?v=jYps3zfolbM,200.0,,html,True,False,"Review 7 Bank Digital Terbaik 2026 (Superbank, Krom, Seabank) - YouTube",208,,2026-06-30,htmldate,,False,False,False,2026-10-09T07:26:42+00:00,rendered
https://zaipad.com/bank-digital-terbaik-di-indonesia,https://zaipad.com/bank-digital-terbaik-di-indonesia/,200.0,,html,True,False,6 Bank Digital Terbaik di Indonesia 2026 (Review + Bonus),1173,,2024-01-09,jsonld,BlogPosting;BreadcrumbList;ImageObject;ListItem;Organization;Person;SiteNavigationElement;WebPage;WebSite,True,False,True,2026-10-09T07:26:43+00:00,raw
https://zaipad.com/review-krom-bank,https://zaipad.com/review-krom-bank/,200.0,,html,True,False,Review Krom Bank 2026: Aman? Bunga & Kekurangannya,1282,,2025-08-05,jsonld,BlogPosting;BreadcrumbList;ImageObject;ListItem;Organization;Person;Rating;Review;SiteNavigationElement;SoftwareApplication;WebPage;WebSite,True,False,True,2026-10-09T07:26:47+00:00,raw
https://zaipad.com/simulasi-deposito-seabank,https://zaipad.com/simulasi-deposito-seabank/,200.0,,html,True,False,"Simulasi Deposito SeaBank 2026: Rp1 Juta, Rp10 Juta, Rp100 Juta",740,,2026-08-11,jsonld,BlogPosting;BreadcrumbList;ImageObject;ListItem;Organization;Person;SiteNavigationElement;WebPage;WebSite,True,False,True,2026-10-09T07:26:50+00:00,raw
