url,brand,count,first_pos_ratio
https://akulaku.com/blog/perbandingan-bank-digital-terbaik-2026,SeaBank,16,0.0043
https://akulaku.com/blog/perbandingan-bank-digital-terbaik-2026,Bank BTPN,22,0.0057
https://akulaku.com/blog/perbandingan-bank-digital-terbaik-2026,Bank Jago,3,0.1774
https://akulaku.com/blog/perbandingan-bank-digital-terbaik-2026,BCA,11,0.2505
https://amarbank.co.id/blog/manfaat-digital-bank-untuk-pengelolaan-keuangan-pribadi-anda,Amar Bank,3,0.7092
https://appmanager.seabank.co.id/seamoney/bke/app-manager/live/front_low_code/20250930/444724648000084022.pdf,SeaBank,17,0.029
https://bankartos.co.id/perbankan-digital/280321336/review-7-bank-digital-indonesia-2026-dan-cara-memilih-yang-tepat,SeaBank,12,0.1573
https://bankartos.co.id/perbankan-digital/280321336/review-7-bank-digital-indonesia-2026-dan-cara-memilih-yang-tepat,Bank Jago,10,0.218
https://bankartos.co.id/perbankan-digital/280321336/review-7-bank-digital-indonesia-2026-dan-cara-memilih-yang-tepat,BCA,18,0.2685
https://bankartos.co.id/perbankan-digital/280321336/review-7-bank-digital-indonesia-2026-dan-cara-memilih-yang-tepat,Allo Bank,6,0.3117
https://bankartos.co.id/perbankan-digital/280321336/review-7-bank-digital-indonesia-2026-dan-cara-memilih-yang-tepat,Bank Neo Commerce,7,0.3573
https://bankartos.co.id/perbankan-digital/280321336/review-7-bank-digital-indonesia-2026-dan-cara-memilih-yang-tepat,Superbank,6,0.4024
https://bankmandiri.co.id,Bank Mandiri,3,0.4031
https://bankmandiri.co.id/branch,Bank Mandiri,9,0.0
https://bankmandiri.co.id/documents/38265486/0/%5BFINAL%2B-%2B3103%5D%2BLAPORAN%2BTAHUNAN%2BBMRI%2B2025%2B-%2BSINGLE.pdf/5494448f-7b5d-7e1b-4f86-10fbd8479f2e,Bank Mandiri,1073,0.0
https://bankmandiri.co.id/documents/38265486/0/%5BFINAL%2B-%2B3103%5D%2BLAPORAN%2BTAHUNAN%2BBMRI%2B2025%2B-%2BSINGLE.pdf/5494448f-7b5d-7e1b-4f86-10fbd8479f2e,BSI,19,0.0565
https://bankmandiri.co.id/documents/38265486/0/%5BFINAL%2B-%2B3103%5D%2BLAPORAN%2BTAHUNAN%2BBMRI%2B2025%2B-%2BSINGLE.pdf/5494448f-7b5d-7e1b-4f86-10fbd8479f2e,BRI,13,0.1167
https://bankmandiri.co.id/documents/38265486/0/%5BFINAL%2B-%2B3103%5D%2BLAPORAN%2BTAHUNAN%2BBMRI%2B2025%2B-%2BSINGLE.pdf/5494448f-7b5d-7e1b-4f86-10fbd8479f2e,BNI,17,0.1238
https://bankmandiri.co.id/documents/38265486/0/%5BFINAL%2B-%2B3103%5D%2BLAPORAN%2BTAHUNAN%2BBMRI%2B2025%2B-%2BSINGLE.pdf/5494448f-7b5d-7e1b-4f86-10fbd8479f2e,Bank Saqu,1,0.3893
https://bankmandiri.co.id/documents/38265486/0/%5BFINAL%2B-%2B3103%5D%2BLAPORAN%2BTAHUNAN%2BBMRI%2B2025%2B-%2BSINGLE.pdf/5494448f-7b5d-7e1b-4f86-10fbd8479f2e,Danamon,5,0.4378
https://bankmandiri.co.id/documents/38265486/0/%5BFINAL%2B-%2B3103%5D%2BLAPORAN%2BTAHUNAN%2BBMRI%2B2025%2B-%2BSINGLE.pdf/5494448f-7b5d-7e1b-4f86-10fbd8479f2e,BTN,2,0.6511
https://bankmandiri.co.id/documents/38265486/0/%5BFINAL%2B-%2B3103%5D%2BLAPORAN%2BTAHUNAN%2BBMRI%2B2025%2B-%2BSINGLE.pdf/5494448f-7b5d-7e1b-4f86-10fbd8479f2e,BCA,2,0.6794
https://bankmandiri.co.id/documents/38265486/0/%5BFINAL%2B-%2B3103%5D%2BLAPORAN%2BTAHUNAN%2BBMRI%2B2025%2B-%2BSINGLE.pdf/5494448f-7b5d-7e1b-4f86-10fbd8479f2e,CIMB Niaga,1,0.6813
https://bankmandiri.co.id/en/livin/edukasi/cara-transaksi-menggunakan-qr-terima-transfer-di-livin-by-mandiri,Bank Mandiri,11,0.0082
https://bankmandiri.co.id/en/livin/edukasi/limit-transfer-livin,Bank Mandiri,9,0.0273
https://bankmandiri.co.id/gempita-2026,Bank Mandiri,8,0.3048
https://bankmandiri.co.id/hati-hati-modus-phishing-berkedok-qris-cara-mencegah-penipuan-digital,Bank Mandiri,1,0.789
https://bankmandiri.co.id/layanan-pengaduan-nasabah,Bank Mandiri,9,0.0
https://bankmandiri.co.id/livin,Bank Mandiri,9,0.0
https://bankmandiri.co.id/livin/edukasi/transfer,Bank Mandiri,7,0.0103
https://bankmandiri.co.id/web/guest/digital-banking,Bank Mandiri,1,0.5455
https://bankmandiritaspen.co.id/info/id-hari-lansia-nasional-bank-mandiri-taspen-dorong-lansia-tetap-sehat-produktif448/id,Bank Mandiri,13,0.0251
https://bankneocommerce.co.id/id/home,Bank Neo Commerce,19,0.0464
https://bankneocommerce.co.id/id/personal/savings/neo-now,Bank Neo Commerce,12,0.263
https://bankraya.co.id,BRI,9,0.0
https://banksaqu.co.id,Bank Saqu,6,0.2213
https://bca.co.id,BCA,3,0.0545
https://bca.co.id/id/Individu/layanan/Customer-Service/HaloBCA,BCA,68,0.0182
https://bca.co.id/id/Individu/layanan/e-banking/BCA-Mobile,BCA,44,0.0388
https://bca.co.id/id/Individu/layanan/e-banking/mybca/poket-valas,BCA,48,0.0297
https://bca.co.id/id/individu/layanan/jaringan-cabang/kantor-cabang-bca,BCA,7,0.1449
https://bca.co.id/id/individu/produk/simpanan/tahapan-xpresi,BCA,64,0.0262
https://bca.co.id/id/informasi/Edukatips/2021/12/23/09/28/transfer-antarbank-kini-hanya-rp2500-via-bi-fast,BCA,25,0.256
https://bca.co.id/id/informasi/awas-modus/2025/02/12/10/09/cara-melindungi-data-pribadi-perbankan-agar-tidak-disalahgunakan,BCA,4,0.9084
https://bca.co.id/id/tentang-bca/media-riset/pressroom/siaran-pers/2025/09/08/06/35/rayakan-hari-pelanggan-nasional-2025-bca-tegaskan-komitmen-dampingi-nasabah-di-setiap-langkah,BCA,80,0.003
https://bca.co.id/id/tentang-bca/media-riset/pressroom/siaran-pers/2026/02/13/08/28/bca-lanjutkan-ekspansi-kantor-cabang-di-era-digital-bidik-wilayah-indonesia-timur,BCA,33,0.0816
https://bca.co.id/id/tentang-bca/media-riset/pressroom/siaran-pers/2026/05/11/03/29/kembali-masuk-jajaran-worlds-best-bank-bca-jaga-konsistensi,BCA,32,0.0046
https://bca.co.id/id/tentang-bca/sustainability/social/customer-relations/customer-relations-management,BCA,8,0.0635
https://bcasekuritas.co.id/latest-news/news/bank-mandiri-raih-penghargaan-indonesia-customer-experience-of-the-year,Bank Mandiri,17,0.036
https://blubybcadigital.id/fitur/akun/bluaccount,BCA,11,0.0146
https://blubybcadigital.id/info/faq/blu-loyalty,BCA,3,0.2248
https://blubybcadigital.id/info/fees-rates,BCA,48,0.0366
https://bni.co.id,BNI,7,0.907
https://bni.co.id/id-id,BNI,7,0.907
https://bni.co.id/id-id/beranda/tingkat-bunga-pinjaman,BNI,2,0.7646
https://bni.co.id/id-id/individu/simpanan/bni-taplus,BNI,19,0.0
https://bni.co.id/id-id/individu/simpanan/bni-taplus-muda,BNI,17,0.0
https://bni.co.id/id-id/individu/simpanan/wondr-multicurrency,BNI,29,0.0
https://bni.co.id/id-id/individu/simpanan/wondrz,BNI,8,0.0335
https://bri.co.id/britama,BRI,27,0.0432
https://bri.co.id/pengaduan-nasabah,BRI,27,0.0432
https://bri.co.id/web/guest/id/brimo,BRI,28,0.0
https://bri.co.id/web/guest/id/fees-and-rates,BRI,61,0.0058
https://bri.co.id/web/guest/id/promo-news-detail/1285,BRI,17,0.0074
https://bri.co.id/web/guest/promo-news-detail/2020,BRI,21,0.0086
https://bri.co.id/web/guest/promo-news-detail/2021,BRI,43,0.0055
https://bri.co.id/web/guest/report,BRI,2,0.0821
https://bri.co.id/web/guest/report-detail-annually?typeId=1,BRI,15,0.0841
https://bri.co.id/web/guest/sabrina,BRI,6,0.0996
https://btn.co.id/id/About/Gallery/Article/Article/Listing/2026/09/11/lps-adalah,BTN,1,0.9867
https://btn.co.id/id/Individual/Produk-Dana/Tabungan-Anak/Tabungan-BTN-Juara,BTN,8,0.0032
https://cermati.com/artikel/tabungan-pilihan-tanpa-biaya-administrasi-bulanan,BNI,10,0.1628
https://cermati.com/artikel/tabungan-pilihan-tanpa-biaya-administrasi-bulanan,BSI,3,0.7543
https://cimbniaga.co.id/id/inspirasi/perencanaan/customer-service,CIMB Niaga,20,0.0559
https://databoks.katadata.co.id/keuangan/statistik/69a091c2d6907/top-5-bank-ri-dengan-aset-terjumbo-pada-2025-mandiri-teratas,BRI,4,0.0296
https://databoks.katadata.co.id/keuangan/statistik/69a091c2d6907/top-5-bank-ri-dengan-aset-terjumbo-pada-2025-mandiri-teratas,BNI,4,0.0357
https://databoks.katadata.co.id/keuangan/statistik/69a091c2d6907/top-5-bank-ri-dengan-aset-terjumbo-pada-2025-mandiri-teratas,BCA,3,0.0379
https://databoks.katadata.co.id/keuangan/statistik/69a091c2d6907/top-5-bank-ri-dengan-aset-terjumbo-pada-2025-mandiri-teratas,BTN,5,0.0418
https://databoks.katadata.co.id/keuangan/statistik/69a091c2d6907/top-5-bank-ri-dengan-aset-terjumbo-pada-2025-mandiri-teratas,Bank Mandiri,5,0.0727
https://digitaltransformation.co.id/daftar-bank-digital-indonesia,Bank Jago,6,0.2778
https://digitaltransformation.co.id/daftar-bank-digital-indonesia,BCA,3,0.3513
https://digitaltransformation.co.id/daftar-bank-digital-indonesia,Bank BTPN,5,0.3972
https://digitaltransformation.co.id/daftar-bank-digital-indonesia,Bank Mandiri,4,0.4548
https://digitaltransformation.co.id/daftar-bank-digital-indonesia,Bank Neo Commerce,2,0.5531
https://digitaltransformation.co.id/daftar-bank-digital-indonesia,Allo Bank,7,0.5579
https://digitaltransformation.co.id/daftar-bank-digital-indonesia,BRI,5,0.7886
https://digitaltransformation.co.id/daftar-bank-digital-indonesia,Danamon,3,0.8673
https://dorangadget.com/beda-mybca-dan-bca-mobile,BCA,35,0.0171
https://duwitmu.com/tabungan/mybca-vs-livin-by-mandiri,BCA,28,0.0009
https://duwitmu.com/tabungan/mybca-vs-livin-by-mandiri,Bank Mandiri,27,0.0018
https://fazz.com/id/newsroom/fazza/bank-digital-tanpa-biaya-admin,Bank BTPN,3,0.298
https://fazz.com/id/newsroom/fazza/bank-digital-tanpa-biaya-admin,BCA,3,0.3442
https://fazz.com/id/newsroom/fazza/bank-digital-tanpa-biaya-admin,Bank Jago,2,0.3898
https://fazz.com/id/newsroom/fazza/bank-digital-tanpa-biaya-admin,SeaBank,2,0.4301
https://fazz.com/id/newsroom/fazza/bank-digital-tanpa-biaya-admin,Bank Neo Commerce,3,0.5372
https://fazz.com/id/newsroom/fazza/bank-digital-tanpa-biaya-admin,Bank Mandiri,3,0.6095
https://fazz.com/id/newsroom/fazza/bank-tanpa-biaya-admin,BCA,3,0.2116
https://fazz.com/id/newsroom/fazza/bank-tanpa-biaya-admin,Bank Jago,2,0.2372
https://fazz.com/id/newsroom/fazza/bank-tanpa-biaya-admin,Bank Neo Commerce,1,0.2668
https://fazz.com/id/newsroom/fazza/bank-terbaik-di-indonesia,Bank Mandiri,4,0.0705
https://fazz.com/id/newsroom/fazza/bank-terbaik-di-indonesia,BRI,7,0.0719
https://fazz.com/id/newsroom/fazza/bank-terbaik-di-indonesia,BCA,6,0.0724
https://fazz.com/id/newsroom/fazza/bank-terbaik-di-indonesia,BNI,6,0.0733
https://fazz.com/id/newsroom/fazza/bank-terbaik-di-indonesia,BTN,3,0.3808
https://fazz.com/id/newsroom/fazza/bank-terbaik-di-indonesia,BSI,2,0.384
https://fazz.com/id/newsroom/fazza/bank-terbaik-di-indonesia,CIMB Niaga,2,0.3896
https://fazz.com/id/newsroom/fazza/bank-terbaik-di-indonesia,Danamon,1,0.3972
https://fazz.com/id/newsroom/fazza/daftar-bank-digital-dengan-bunga-tertinggi-2026,Bank Jago,2,0.2833
https://fazz.com/id/newsroom/fazza/daftar-bank-digital-dengan-bunga-tertinggi-2026,SeaBank,2,0.3213
https://fazz.com/id/newsroom/fazza/daftar-bank-digital-dengan-bunga-tertinggi-2026,BCA,3,0.4868
https://fazz.com/id/newsroom/fazza/daftar-bank-digital-dengan-bunga-tertinggi-2026,Bank Neo Commerce,2,0.5247
https://fazz.com/id/newsroom/fazza/daftar-bank-digital-dengan-bunga-tertinggi-2026,Bank BTPN,3,0.5621
https://fazz.com/id/newsroom/fazza/deposito-bank-jago,Bank Jago,48,0.0007
https://fazz.com/id/newsroom/fazza/deposito-bank-jago,SeaBank,1,0.2722
https://fazz.com/id/newsroom/fazza/deposito-bank-jago,Krom Bank,1,0.2785
https://fazz.com/id/newsroom/fazza/deposito-bank-jago,Allo Bank,1,0.2834
https://fazz.com/id/newsroom/fazza/top-up-e-wallet-gratis,BCA,3,0.2002
https://fazz.com/id/newsroom/fazza/top-up-e-wallet-gratis,BRI,3,0.2108
https://fazz.com/id/newsroom/fazza/top-up-e-wallet-gratis,CIMB Niaga,3,0.2123
https://fazz.com/id/newsroom/fazza/top-up-e-wallet-gratis,BSI,4,0.2251
https://flip.id/id/blog/daftar-bank-yang-bisa-buka-rekening-online-bebas-setoran-awal,Bank Jago,6,0.0706
https://flip.id/id/blog/daftar-bank-yang-bisa-buka-rekening-online-bebas-setoran-awal,SeaBank,9,0.2507
https://flip.id/id/blog/daftar-bank-yang-bisa-buka-rekening-online-bebas-setoran-awal,BCA,11,0.4291
https://flip.id/id/blog/daftar-bank-yang-bisa-buka-rekening-online-bebas-setoran-awal,Allo Bank,4,0.7851
https://id.headtopics.com/news/18-bank-indonesia-masuk-world-s-best-banks-2026-83242143,BCA,4,0.0286
https://id.headtopics.com/news/18-bank-indonesia-masuk-world-s-best-banks-2026-83242143,Bank Mandiri,2,0.0335
https://id.headtopics.com/news/18-bank-indonesia-masuk-world-s-best-banks-2026-83242143,BNI,2,0.0371
https://id.headtopics.com/news/18-bank-indonesia-masuk-world-s-best-banks-2026-83242143,BRI,4,0.0383
https://id.headtopics.com/news/18-bank-indonesia-masuk-world-s-best-banks-2026-83242143,SeaBank,2,0.0396
https://id.headtopics.com/news/18-bank-indonesia-masuk-world-s-best-banks-2026-83242143,Danamon,2,0.9629
https://id.tradingview.com/news/kontan:645db5a5687ea:0,Amar Bank,5,0.0849
https://id.tradingview.com/news/kontan:645db5a5687ea:0,Bank Aladin Syariah,3,0.0956
https://id.tradingview.com/news/kontan:645db5a5687ea:0,Krom Bank,11,0.107
https://id.tradingview.com/news/kontan:645db5a5687ea:0,Superbank,2,0.2763
https://id.tradingview.com/news/kontan:645db5a5687ea:0,Bank Jago,4,0.3485
https://id.tradingview.com/news/kontan:645db5a5687ea:0,Allo Bank,2,0.4129
https://id.tradingview.com/news/kontan:645db5a5687ea:0,BRI,3,0.4404
https://id.tradingview.com/news/kontan:645db5a5687ea:0,BCA,4,0.4926
https://id.tradingview.com/news/kontan:645db5a5687ea:0,SeaBank,3,0.5383
https://id.tradingview.com/news/kontan:645db5a5687ea:0,Bank Saqu,2,0.5696
https://id.tradingview.com/news/kontan:645db5a5687ea:0,Bank Neo Commerce,4,0.6109
https://id.tradingview.com/news/kontan:d3ec5f43287ea:0,CIMB Niaga,2,0.339
https://id.tradingview.com/news/kontan:d3ec5f43287ea:0,Danamon,1,0.3487
https://id.tradingview.com/news/kontan:d3ec5f43287ea:0,BSI,5,0.3589
https://id.tradingview.com/news/kontan:d3ec5f43287ea:0,Bank BTPN,1,0.3743
https://id.tradingview.com/news/kontan:d3ec5f43287ea:0,BTN,6,0.6144
https://id.unstore.io/discover/best-mybca-alternatives,BCA,68,0.0
https://id.unstore.io/discover/best-mybca-alternatives,BRI,9,0.1016
https://id.unstore.io/discover/best-mybca-alternatives,Bank Mandiri,5,0.1128
https://id.unstore.io/discover/best-mybca-alternatives,BNI,9,0.1269
https://id.unstore.io/discover/best-mybca-alternatives,SeaBank,7,0.1387
https://id.unstore.io/discover/best-mybca-alternatives,Bank Jago,4,0.1498
https://id.unstore.io/discover/best-mybca-alternatives,Bank BTPN,7,0.1613
https://idnfinancials.com/id/bbca/pt-bank-central-asia-tbk,BCA,6,0.0035
https://idntimes.com/business/finance/survey-ipsos-2026-bank-digital-makin-digandrungi-warga-ri-00-3m8tp-yfdlrc,SeaBank,7,0.0984
https://idntimes.com/business/finance/survey-ipsos-2026-bank-digital-makin-digandrungi-warga-ri-00-3m8tp-yfdlrc,Superbank,5,0.5275
https://idntimes.com/business/finance/survey-ipsos-2026-bank-digital-makin-digandrungi-warga-ri-00-3m8tp-yfdlrc,Bank Jago,4,0.6228
https://idntimes.com/business/finance/survey-ipsos-2026-bank-digital-makin-digandrungi-warga-ri-00-3m8tp-yfdlrc,Allo Bank,4,0.7074
https://idntimes.com/tech/trend/7-bank-digital-tawarkan-gratis-biaya-transfer-tanpa-syarat-minimum-01-w8826-59vr2g,SeaBank,4,0.2142
https://idntimes.com/tech/trend/7-bank-digital-tawarkan-gratis-biaya-transfer-tanpa-syarat-minimum-01-w8826-59vr2g,Krom Bank,3,0.5262
https://idntimes.com/tech/trend/7-bank-digital-tawarkan-gratis-biaya-transfer-tanpa-syarat-minimum-01-w8826-59vr2g,Bank Neo Commerce,5,0.6341
https://idntimes.com/tech/trend/rekomendasi-bank-digital-mahasiswa-baru-c1c2-01-3x47n-mg1cz3,Bank Jago,4,0.0136
https://idntimes.com/tech/trend/rekomendasi-bank-digital-mahasiswa-baru-c1c2-01-3x47n-mg1cz3,BCA,8,0.0406
https://idntimes.com/tech/trend/rekomendasi-bank-digital-mahasiswa-baru-c1c2-01-3x47n-mg1cz3,SeaBank,4,0.0671
https://idntimes.com/tech/trend/rekomendasi-bank-digital-mahasiswa-baru-c1c2-01-3x47n-mg1cz3,Bank Aladin Syariah,4,0.7929
https://infobanknews.com/adu-pengalaman-nasabah-bni-bank-muamalat-hingga-bank-jateng-jadi-yang-terbaik,BNI,3,0.0774
https://infobanknews.com/adu-pengalaman-nasabah-bni-bank-muamalat-hingga-bank-jateng-jadi-yang-terbaik,BRI,5,0.0788
https://infobanknews.com/adu-pengalaman-nasabah-bni-bank-muamalat-hingga-bank-jateng-jadi-yang-terbaik,BSI,2,0.0801
https://infobanknews.com/adu-pengalaman-nasabah-bni-bank-muamalat-hingga-bank-jateng-jadi-yang-terbaik,SeaBank,2,0.0834
https://infobanknews.com/adu-pengalaman-nasabah-bni-bank-muamalat-hingga-bank-jateng-jadi-yang-terbaik,Bank Neo Commerce,2,0.0866
https://infobanknews.com/adu-pengalaman-nasabah-bni-bank-muamalat-hingga-bank-jateng-jadi-yang-terbaik,BCA,1,0.8749
https://infobanknews.com/adu-pengalaman-nasabah-bni-bank-muamalat-hingga-bank-jateng-jadi-yang-terbaik,Danamon,1,0.902
https://infobanknews.com/adu-pengalaman-nasabah-bni-bank-muamalat-hingga-bank-jateng-jadi-yang-terbaik,Bank BTPN,1,0.9686
https://infobankstore.com/artikel/1234/bni-juara-pelayanan-prima-disusul-bsi-bri,BNI,11,0.0
https://infobankstore.com/artikel/1234/bni-juara-pelayanan-prima-disusul-bsi-bri,BSI,10,0.0361
https://infobankstore.com/artikel/1234/bni-juara-pelayanan-prima-disusul-bsi-bri,BRI,5,0.0388
https://invesnesia.com/bank-digital-terbaik-di-indonesia,Bank Jago,3,0.1232
https://invesnesia.com/bank-digital-terbaik-di-indonesia,SeaBank,8,0.1255
https://invesnesia.com/bank-digital-terbaik-di-indonesia,Bank BTPN,7,0.1303
https://invesnesia.com/bank-digital-terbaik-di-indonesia,Bank Neo Commerce,1,0.4906
https://invesnesia.com/bank-digital-terbaik-di-indonesia,BCA,3,0.5764
https://invesnesia.com/bank/perbandingan-bank-digital-di-indonesia,SeaBank,8,0.0897
https://invesnesia.com/bank/perbandingan-bank-digital-di-indonesia,Superbank,6,0.0981
https://invesnesia.com/bank/perbandingan-bank-digital-di-indonesia,Krom Bank,6,0.1009
https://invesnesia.com/bank/perbandingan-bank-digital-di-indonesia,Bank BTPN,8,0.1027
https://invesnesia.com/bank/perbandingan-bank-digital-di-indonesia,Bank Jago,2,0.5427
https://invesnesia.com/bank/perbandingan-bank-digital-di-indonesia,Allo Bank,1,0.7004
https://investortrust.id/financial/5075/punya-1112-kantor-bsi-masuk-jajaran-lima-besar-bank-dengan-kantor-terbanyak,BSI,9,0.012
https://investortrust.id/financial/5075/punya-1112-kantor-bsi-masuk-jajaran-lima-besar-bank-dengan-kantor-terbanyak,BRI,2,0.4931
https://investortrust.id/financial/5075/punya-1112-kantor-bsi-masuk-jajaran-lima-besar-bank-dengan-kantor-terbanyak,Bank Mandiri,1,0.5268
https://investortrust.id/financial/5075/punya-1112-kantor-bsi-masuk-jajaran-lima-besar-bank-dengan-kantor-terbanyak,BNI,2,0.5484
https://investortrust.id/financial/5075/punya-1112-kantor-bsi-masuk-jajaran-lima-besar-bank-dengan-kantor-terbanyak,BCA,2,0.5737
https://jago.com,Bank Jago,1,0.9485
https://jago.com/id/blog/jenis-kantong-jago,Bank Jago,2,0.4012
https://jago.com/id/id/support/faq/use-jago/about-interest-rate/about-the-interest-rate-calculation-in-jago-pockets,Bank Jago,3,0.1867
https://jago.com/id/jago/rates,Bank Jago,2,0.527
https://jago.com/id/jago/support/faq/menggunakan-jago/kantong/tentang-kantong-tidak-aktif-dan-dormant,Bank Jago,4,0.4567
https://jago.com/id/jago/support/faq/tentang-jago/bank-jago/apa-kelebihan-jago,Bank Jago,1,0.0122
https://jago.com/id/jago/support/faq/use-jago/gopay-tabungan-by-jago/questions-about-gopay-tabungan-by-jago,Bank Jago,3,0.4543
https://jago.com/id/product-and-services,Bank Jago,4,0.0127
https://jago.com/id/support/faq/tentang-jago/akun-jago-kamu/prosedur-pengaduan-nasabah,Bank Jago,6,0.05
https://jago.com/id/support/faq/tentang-jago/bank-jago/apa-kelebihan-jago,Bank Jago,2,0.0368
https://jago.com/id/support/faq/tentang-jago/bank-jago/apakah-jago-berizin-dan-diawasi-oleh-regulator,Bank Jago,3,0.0729
https://jago.com/id/support/rates,Bank Jago,2,0.674
https://jago.com/id/support/rates/5,Bank Jago,5,0.1405
https://jago.com/id/syariah/rates/5,Bank Jago,7,0.1233
https://jago.com/id/syariah/rates/7,Bank Jago,6,0.0955
https://journalarta.com/news/2026/07/14/cara-buka-deposito-seabank-online,SeaBank,9,0.0143
https://jpnn.com/news/kinerja-2025-diakui-bank-mandiri-taspen-raih-yearly-excellent-performance-2026,Bank Mandiri,8,0.0097
https://kawula.id/rekomendasi-bank-digital-terbaik,SeaBank,4,0.3018
https://kawula.id/rekomendasi-bank-digital-terbaik,Bank Jago,2,0.33
https://kawula.id/rekomendasi-bank-digital-terbaik,Superbank,1,0.3799
https://kawula.id/rekomendasi-bank-digital-terbaik,BCA,2,0.4048
https://kawula.id/rekomendasi-bank-digital-terbaik,Bank BTPN,2,0.4278
https://kawula.id/rekomendasi-bank-digital-terbaik,Krom Bank,1,0.4525
https://kawula.id/rekomendasi-bank-digital-terbaik,Allo Bank,2,0.5019
https://kawula.id/rekomendasi-bank-digital-terbaik,Bank Saqu,1,0.5729
https://keuangan.kontan.co.id/news/adu-kinerja-10-bank-besar-ini-bank-dengan-pertumbuhan-laba-tertinggi-di-semester-i,BTN,4,0.0277
https://keuangan.kontan.co.id/news/adu-kinerja-10-bank-besar-ini-bank-dengan-pertumbuhan-laba-tertinggi-di-semester-i,BRI,18,0.0323
https://keuangan.kontan.co.id/news/adu-kinerja-10-bank-besar-ini-bank-dengan-pertumbuhan-laba-tertinggi-di-semester-i,Bank Mandiri,5,0.0431
https://keuangan.kontan.co.id/news/adu-kinerja-10-bank-besar-ini-bank-dengan-pertumbuhan-laba-tertinggi-di-semester-i,BNI,3,0.0449
https://keuangan.kontan.co.id/news/adu-kinerja-10-bank-besar-ini-bank-dengan-pertumbuhan-laba-tertinggi-di-semester-i,BCA,8,0.0454
https://keuangan.kontan.co.id/news/adu-kinerja-10-bank-besar-ini-bank-dengan-pertumbuhan-laba-tertinggi-di-semester-i,CIMB Niaga,4,0.0459
https://keuangan.kontan.co.id/news/adu-kinerja-10-bank-besar-ini-bank-dengan-pertumbuhan-laba-tertinggi-di-semester-i,Danamon,3,0.0484
https://keuangan.kontan.co.id/news/adu-kinerja-10-bank-besar-ini-bank-dengan-pertumbuhan-laba-tertinggi-di-semester-i,BSI,5,0.0513
https://keuangan.kontan.co.id/news/bunga-deposito-bank-digital-masih-tinggi-ada-yang-mencapai-9,Amar Bank,4,0.0849
https://keuangan.kontan.co.id/news/bunga-deposito-bank-digital-masih-tinggi-ada-yang-mencapai-9,Bank Aladin Syariah,3,0.0916
https://keuangan.kontan.co.id/news/bunga-deposito-bank-digital-masih-tinggi-ada-yang-mencapai-9,Krom Bank,12,0.0991
https://keuangan.kontan.co.id/news/bunga-deposito-bank-digital-masih-tinggi-ada-yang-mencapai-9,Superbank,3,0.1025
https://keuangan.kontan.co.id/news/bunga-deposito-bank-digital-masih-tinggi-ada-yang-mencapai-9,Bank Jago,4,0.3716
https://keuangan.kontan.co.id/news/bunga-deposito-bank-digital-masih-tinggi-ada-yang-mencapai-9,Allo Bank,4,0.4413
https://keuangan.kontan.co.id/news/bunga-deposito-bank-digital-masih-tinggi-ada-yang-mencapai-9,BRI,2,0.4581
https://keuangan.kontan.co.id/news/bunga-deposito-bank-digital-masih-tinggi-ada-yang-mencapai-9,BCA,3,0.5039
https://keuangan.kontan.co.id/news/bunga-deposito-bank-digital-masih-tinggi-ada-yang-mencapai-9,SeaBank,2,0.5484
https://keuangan.kontan.co.id/news/bunga-deposito-bank-digital-masih-tinggi-ada-yang-mencapai-9,Bank Saqu,2,0.5822
https://keuangan.kontan.co.id/news/bunga-deposito-bank-digital-masih-tinggi-ada-yang-mencapai-9,Bank Neo Commerce,3,0.6211
https://keuangan.kontan.co.id/news/bunga-deposito-krom-bank-masih-8-meski-mulai-turun-secara-bertahap,Krom Bank,5,0.0312
https://keuangan.kontan.co.id/news/bunga-deposito-krom-bank-masih-8-meski-mulai-turun-secara-bertahap,Allo Bank,1,0.2444
https://keuangan.kontan.co.id/news/bunga-deposito-krom-bank-masih-8-meski-mulai-turun-secara-bertahap,Superbank,1,0.7804
https://keuangan.kontan.co.id/news/kantor-cabang-bank-menyusut-di-tengah-percepatan-digitalisasi,CIMB Niaga,4,0.8394
https://keuangan.kontan.co.id/news/kantor-cabang-bank-menyusut-di-tengah-percepatan-digitalisasi,BCA,4,0.8436
https://keuangan.kontan.co.id/news/survei-menunjukkan-performa-aplikasi-jadi-perhatian-pengguna-bank-digital,SeaBank,4,0.6476
https://keuangan.kontan.co.id/news/survei-menunjukkan-performa-aplikasi-jadi-perhatian-pengguna-bank-digital,Bank Jago,4,0.6675
https://keuangan.kontan.co.id/news/survei-menunjukkan-performa-aplikasi-jadi-perhatian-pengguna-bank-digital,Superbank,2,0.7407
https://keuangan.kontan.co.id/news/survei-menunjukkan-performa-aplikasi-jadi-perhatian-pengguna-bank-digital,Allo Bank,2,0.7784
https://kitacoba.com/referensi/biaya-admin-bank,SeaBank,2,0.077
https://kitacoba.com/referensi/biaya-admin-bank,Bank Jago,1,0.0892
https://kitacoba.com/referensi/biaya-admin-bank,BCA,6,0.1009
https://kitacoba.com/referensi/biaya-admin-bank,Bank Neo Commerce,1,0.1144
https://kitacoba.com/referensi/biaya-admin-bank,Allo Bank,1,0.14
https://kitacoba.com/referensi/biaya-admin-bank,Bank BTPN,1,0.151
https://kitacoba.com/referensi/biaya-admin-bank,Bank Mandiri,1,0.2452
https://kitacoba.com/referensi/biaya-admin-bank,BRI,4,0.2618
https://kitacoba.com/referensi/biaya-admin-bank,BNI,5,0.2856
https://kitacoba.com/referensi/biaya-admin-bank,BTN,1,0.3166
https://kitacoba.com/referensi/biaya-admin-bank,CIMB Niaga,3,0.3283
https://kitacoba.com/referensi/biaya-admin-bank,BSI,2,0.3779
https://krom.id,Krom Bank,5,0.0
https://krom.id/biaya-dan-limit,Krom Bank,9,0.0642
https://krom.id/faq,Krom Bank,297,0.0
https://krom.id/faq,BNI,1,0.5188
https://krom.id/faq,BCA,2,0.5189
https://krom.id/pencairan-krom-flex,Krom Bank,5,0.0499
https://krom.id/syarat-ketentuan,Krom Bank,103,0.0041
https://metrotvnews.com/read/KXyCW3mn-bank-mandiri-taspen-siapkan-ekosistem-lansia-ajak-masyarakat-rencanakan-pensiun-di-usia-40-tahun,Bank Mandiri,17,0.002
https://money.kompas.com/read/2025/05/18/124912126/daftar-8-bank-digital-tanpa-biaya-admin-bulanan-cek-keunggulannya?page=all,BCA,7,0.1478
https://money.kompas.com/read/2025/05/18/124912126/daftar-8-bank-digital-tanpa-biaya-admin-bulanan-cek-keunggulannya?page=all,Bank Jago,3,0.317
https://money.kompas.com/read/2025/05/18/124912126/daftar-8-bank-digital-tanpa-biaya-admin-bulanan-cek-keunggulannya?page=all,Superbank,1,0.4596
https://money.kompas.com/read/2025/05/18/124912126/daftar-8-bank-digital-tanpa-biaya-admin-bulanan-cek-keunggulannya?page=all,SeaBank,1,0.5985
https://money.kompas.com/read/2025/05/18/124912126/daftar-8-bank-digital-tanpa-biaya-admin-bulanan-cek-keunggulannya?page=all,Krom Bank,3,0.6645
https://money.kompas.com/read/2025/05/18/124912126/daftar-8-bank-digital-tanpa-biaya-admin-bulanan-cek-keunggulannya?page=all,Bank Neo Commerce,3,0.7595
https://nexapp.co/post/tabungan-tanpa-biaya-admin-apa-saja-pilihannya-di-2025,BCA,2,0.4209
https://nexapp.co/post/tabungan-tanpa-biaya-admin-apa-saja-pilihannya-di-2025,SeaBank,1,0.4649
https://nexapp.co/post/tabungan-tanpa-biaya-admin-apa-saja-pilihannya-di-2025,Bank Jago,1,0.5016
https://nextindonesia.id/Research/2026/08/07/290/Daya-Pikat-Bank-Digital,Krom Bank,3,0.0312
https://nextindonesia.id/Research/2026/08/07/290/Daya-Pikat-Bank-Digital,Superbank,3,0.033
https://nextindonesia.id/Research/2026/08/07/290/Daya-Pikat-Bank-Digital,Bank Neo Commerce,3,0.034
https://nextindonesia.id/Research/2026/08/07/290/Daya-Pikat-Bank-Digital,BCA,2,0.6692
https://nextindonesia.id/Research/2026/08/07/290/Daya-Pikat-Bank-Digital,Allo Bank,1,0.6817
https://nextindonesia.id/Research/2026/08/07/290/Daya-Pikat-Bank-Digital,Bank Jago,2,0.6871
https://nextindonesia.id/Research/2026/08/07/290/Daya-Pikat-Bank-Digital,SeaBank,1,0.6894
https://nobugo.nobubank.com/blog/bank-digital-tanpa-biaya-admin,Nobu Bank,12,0.0295
https://nobugo.nobubank.com/blog/gratis-transfer-unlimited-dengan-nobu-go,Nobu Bank,31,0.0338
https://nobugo.nobubank.com/blog/gratis-transfer-unlimited-dengan-nobu-go,SeaBank,3,0.0456
https://nobugo.nobubank.com/blog/gratis-transfer-unlimited-dengan-nobu-go,Bank Jago,3,0.0554
https://nobugo.nobubank.com/blog/gratis-transfer-unlimited-dengan-nobu-go,Bank Neo Commerce,3,0.0685
https://nobugo.nobubank.com/blog/gratis-transfer-unlimited-dengan-nobu-go,BCA,7,0.0784
https://nobugo.nobubank.com/blog/gratis-transfer-unlimited-dengan-nobu-go,Bank BTPN,2,0.0909
https://nobugo.nobubank.com/blog/gratis-transfer-unlimited-dengan-nobu-go,Bank Mandiri,1,0.1171
https://nobugo.nobubank.com/blog/gratis-transfer-unlimited-dengan-nobu-go,BRI,3,0.1282
https://nobugo.nobubank.com/blog/gratis-transfer-unlimited-dengan-nobu-go,BNI,1,0.1388
https://nobugo.nobubank.com/blog/gratis-transfer-unlimited-dengan-nobu-go,Allo Bank,1,0.468
https://nobugo.nobubank.com/blog/gratis-transfer-unlimited-dengan-nobu-go,Krom Bank,1,0.4692
https://ojk.go.id/id/berita-dan-kegiatan/info-terkini/Documents/Pages/Buku-Saku-Cerdas-Mengelola-Keuangan/Buku%20Saku%20Cerdas%20Mengelola%20Keuangan.pdf,BCA,3,0.0967
https://play.google.com/store/apps/details?id=com.jago.digitalBanking,Bank Jago,7,0.0041
https://play.google.com/store/apps/details?id=com.jago.digitalBanking,BCA,1,0.8063
https://play.google.com/store/apps/details?id=com.jago.digitalBanking,Bank Mandiri,1,0.8117
https://play.google.com/store/apps/details?id=com.jago.digitalBanking,BNI,2,0.8165
https://play.google.com/store/apps/details?id=com.jago.digitalBanking,BRI,1,0.8198
https://play.google.com/store/apps/details?id=com.jago.digitalBanking,BSI,2,0.8231
https://play.google.com/store/apps/details?id=com.jago.digitalBanking,Bank Neo Commerce,1,0.8323
https://play.google.com/store/apps/details?id=com.jago.digitalBanking,SeaBank,1,0.8372
https://play.google.com/store/apps/details?id=com.jago.digitalBanking,Bank BTPN,2,0.8394
https://play.google.com/store/apps/details?id=com.jago.digitalBanking,CIMB Niaga,1,0.8428
https://play.google.com/store/apps/details?id=com.jago.digitalBanking,Amar Bank,1,0.8458
https://play.google.com/store/apps/details?id=com.jago.digitalBanking,Krom Bank,1,0.8514
https://play.google.com/store/apps/details?id=com.jago.digitalBanking,Superbank,1,0.8542
https://play.google.com/store/apps/details?id=com.jago.digitalBanking,BTN,1,0.857
https://pluang.com/blog/resource/tabungan-tanpa-biaya-administrasi,CIMB Niaga,2,0.3437
https://pluang.com/blog/resource/tabungan-tanpa-biaya-administrasi,BNI,2,0.4251
https://pluang.com/blog/resource/tabungan-tanpa-biaya-administrasi,BTN,3,0.58
https://pluang.com/blog/resource/tabungan-tanpa-biaya-administrasi,Danamon,4,0.6857
https://pluang.com/blog/resource/tabungan-tanpa-biaya-administrasi,BRI,3,0.7492
https://ruangkeuangan.id/personal-finance/bank-digital-terbaik,Bank BTPN,4,0.1219
https://ruangkeuangan.id/personal-finance/bank-digital-terbaik,Bank Jago,3,0.2038
https://ruangkeuangan.id/personal-finance/bank-digital-terbaik,BCA,5,0.282
https://ruangkeuangan.id/personal-finance/bank-digital-terbaik,SeaBank,4,0.3545
https://ruangkeuangan.id/personal-finance/bank-digital-terbaik,Bank Neo Commerce,1,0.4244
https://seabank.co.id,SeaBank,35,0.0283
https://seabank.co.id/help-center,SeaBank,2,0.0085
https://seabank.co.id/help-center/article/10218,SeaBank,2,0.0085
https://seabank.co.id/help-center/article/10226,SeaBank,2,0.0085
https://seabank.co.id/perusahaan/transparansi/hubungan-investor/mekanisme-pengaduan,SeaBank,8,0.0639
https://seabank.co.id/produk-layanan/digital/tabungan,SeaBank,3,0.5529
https://seabank.co.id/produk-layanan/transaksi/transfer-e-wallet,SeaBank,3,0.6049
https://superbank.app.hellocode.co.id/produk-layanan/tabungan/tabungan,Superbank,7,0.0143
https://techfin.id/keuangan/super-app-bank-terbaik-2025,Bank Mandiri,6,0.0811
https://techfin.id/keuangan/super-app-bank-terbaik-2025,BRI,7,0.0835
https://techfin.id/keuangan/super-app-bank-terbaik-2025,BCA,12,0.0843
https://techfin.id/keuangan/super-app-bank-terbaik-2025,BNI,13,0.0852
https://techfin.id/keuangan/super-app-bank-terbaik-2025,BSI,3,0.0886
https://tirto.id/tabungan-untuk-usia-20-an-di-2026-bunga-tinggi-biaya-rendah-htS9,Bank Neo Commerce,3,0.4505
https://tirto.id/tabungan-untuk-usia-20-an-di-2026-bunga-tinggi-biaya-rendah-htS9,SeaBank,5,0.5082
https://tirto.id/tabungan-untuk-usia-20-an-di-2026-bunga-tinggi-biaya-rendah-htS9,Superbank,4,0.5964
https://tirto.id/tabungan-untuk-usia-20-an-di-2026-bunga-tinggi-biaya-rendah-htS9,Bank BTPN,3,0.6485
https://tirto.id/tabungan-untuk-usia-20-an-di-2026-bunga-tinggi-biaya-rendah-htS9,BCA,5,0.6998
https://tirto.id/tabungan-untuk-usia-20-an-di-2026-bunga-tinggi-biaya-rendah-htS9,BTN,2,0.7797
https://tuwaga.id/artikel/bank-digital-terbaik-2026,SeaBank,4,0.272
https://tuwaga.id/artikel/bank-digital-terbaik-2026,Bank Jago,2,0.2866
https://tuwaga.id/artikel/bank-digital-terbaik-2026,Superbank,1,0.3122
https://tuwaga.id/artikel/bank-digital-terbaik-2026,BCA,2,0.3247
https://tuwaga.id/artikel/bank-digital-terbaik-2026,Bank BTPN,2,0.3364
https://tuwaga.id/artikel/bank-digital-terbaik-2026,Krom Bank,1,0.3487
https://tuwaga.id/artikel/bank-digital-terbaik-2026,Allo Bank,1,0.3742
https://tuwaga.id/artikel/bank-digital-terbaik-2026,Bank Saqu,1,0.4091
https://vida.id/id/blog/bank-digital-terbaik,SeaBank,5,0.2099
https://vida.id/id/blog/bank-digital-terbaik,BCA,5,0.4513
https://vida.id/id/blog/bank-digital-terbaik,Superbank,3,0.5156
https://vida.id/id/blog/bank-digital-terbaik,Bank Jago,4,0.5712
https://vida.id/id/blog/bank-digital-terbaik,Bank BTPN,5,0.6052
https://vida.id/id/blog/bank-digital-terbaik,Krom Bank,3,0.7682
https://wondr.bni.co.id,BNI,4,0.0365
https://zaipad.com/bank-digital-terbaik-di-indonesia,Krom Bank,12,0.0606
https://zaipad.com/bank-digital-terbaik-di-indonesia,Bank Jago,8,0.0804
https://zaipad.com/bank-digital-terbaik-di-indonesia,Superbank,9,0.0872
https://zaipad.com/bank-digital-terbaik-di-indonesia,SeaBank,14,0.0952
https://zaipad.com/bank-digital-terbaik-di-indonesia,Bank BTPN,10,0.1026
https://zaipad.com/bank-digital-terbaik-di-indonesia,Bank Neo Commerce,6,0.4556
https://zaipad.com/review-krom-bank,Krom Bank,47,0.0
https://zaipad.com/review-krom-bank,SeaBank,3,0.0602
https://zaipad.com/review-krom-bank,Superbank,2,0.3817
https://zaipad.com/review-krom-bank,Bank BTPN,1,0.7566
https://zaipad.com/simulasi-deposito-seabank,SeaBank,26,0.002
https://zaipad.com/simulasi-deposito-seabank,Krom Bank,3,0.6797
