domain,domain_type,authority_tier,note
akulaku.com,fintech_platform,Medium,
alamisharia.co.id,fintech_platform,Medium,
allianz.co.id,other,Low,insurance company blog
allobank.com,bank_official,High,
amarbank.co.id,bank_official,High,
appmanager.seabank.co.id,bank_official,High,
apps.lps.go.id,regulator,High,
bankartos.co.id,blog_aggregator,Low,"name suggests a bank, but the cited page is a review blog post"
bankmandiri.co.id,bank_official,High,
bankmandiritaspen.co.id,bank_official,High,
bankneocommerce.co.id,bank_official,High,
bankraya.co.id,bank_official,High,
banksaqu.co.id,bank_official,High,
bca.co.id,bank_official,High,
bcasekuritas.co.id,bank_official,High,BCA group securities arm
bi.go.id,regulator,High,
blubybcadigital.id,bank_official,High,
bni.co.id,bank_official,High,
bprartatama.com,bank_official,High,
bri.co.id,bank_official,High,
btn.co.id,bank_official,High,
bukarekening.bri.co.id,bank_official,High,
cermati.com,fintech_platform,Medium,
cimbniaga.co.id,bank_official,High,
cnbcindonesia.com,news_media,Medium,
community.mekari.com,forum_ugc,Low,
data.ojk.go.id,regulator,High,
databoks.katadata.co.id,news_media,Medium,
dbs.id,bank_official,High,
digitalbank.id,blog_aggregator,Low,
digitaltransformation.co.id,blog_aggregator,Low,
dorangadget.com,blog_aggregator,Low,
duwitmu.com,blog_aggregator,Low,
fazz.com,fintech_platform,Medium,
finance.detik.com,news_media,Medium,
finansial.bisnis.com,news_media,Medium,
finansial.kontan.co.id,news_media,Medium,
find.ojk.go.id,regulator,High,
flip.id,fintech_platform,Medium,
fliphtml5.com,other,Low,document-hosting site (an uploaded magazine issue)
halopacitan.com,news_media,Medium,
hokibank.co.id,bank_official,High,Bank Hibank's own site
hukumonline.com,news_media,Medium,
iasc.ojk.go.id,regulator,High,
id.headtopics.com,blog_aggregator,Low,
id.tradingview.com,news_media,Medium,syndicated Kontan news article
id.unstore.io,blog_aggregator,Low,
idnfinancials.com,news_media,Medium,
idnic.net,other,Low,Indonesian domain-name registry association
idntimes.com,news_media,Medium,
infobanknews.com,news_media,Medium,
infobankstore.com,news_media,Medium,
invesnesia.com,blog_aggregator,Low,
investor.id,news_media,Medium,
investortrust.id,news_media,Medium,
ir-bri.com,bank_official,High,
jago.com,bank_official,High,
journalarta.com,blog_aggregator,Low,
jpnn.com,news_media,Medium,
kawula.id,blog_aggregator,Low,
keuangan.kontan.co.id,news_media,Medium,
kitacoba.com,blog_aggregator,Low,
kompas.com,news_media,Medium,
kontak157.ojk.go.id,regulator,High,
krom.id,bank_official,High,
lapssjk.id,regulator,High,"LAPS SJK, the dispute-resolution body for the financial sector set up under OJK"
lemon8-app.com,forum_ugc,Low,
lps.go.id,regulator,High,
maybank.co.id,bank_official,High,
mediaasuransinews.co.id,news_media,Medium,
medianasabah.com,blog_aggregator,Low,
metrotvnews.com,news_media,Medium,
money.kompas.com,news_media,Medium,
nexapp.co,blog_aggregator,Low,
nextindonesia.id,other,Low,independent research centre
nobugo.nobubank.com,bank_official,High,
ojk.go.id,regulator,High,
padangsambian.denpasarkota.go.id,other,Low,"local government office site, not a financial regulator"
peraturan.bpk.go.id,regulator,High,
play.google.com,app_store,Low,
pluang.com,fintech_platform,Medium,
pohonilmu.com,blog_aggregator,Low,
reddit.com,forum_ugc,Low,
ruangkeuangan.id,blog_aggregator,Low,
seabank.co.id,bank_official,High,
shinhan.co.id,bank_official,High,
sikapiuangmu.ojk.go.id,regulator,High,
smbci.com,bank_official,High,
suara.com,news_media,Medium,
superbank.app.hellocode.co.id,bank_official,High,Superbank product page on its app host
techfin.id,blog_aggregator,Low,
tirto.id,news_media,Medium,
tuwaga.id,blog_aggregator,Low,
vida.id,fintech_platform,Medium,
wondr.bni.co.id,bank_official,High,
youtube.com,forum_ugc,Low,
zaipad.com,blog_aggregator,Low,
